{
  "data": [
    {
      "kungorelseid": "K943401/25",
      "kungorelsetyp": "Aktiebolagsregistret",
      "namn": "Emma Tivemo AB",
      "personOrgnummer": "",
      "publiceringsdatum": "2025-12-11",
      "uppgiftslamnare": "Bolagsverket"
    },
    {
      "kungorelseid": "K953201/25",
      "kungorelsetyp": "Aktiebolagsregistret",
      "namn": "KSE Design Sweden AB",
      "personOrgnummer": "",
      "publiceringsdatum": "2025-12-16",
      "uppgiftslamnare": "Bolagsverket"
    },
    {
      "kungorelseid": "K954568/25",
      "kungorelsetyp": "Aktiebolagsregistret",
      "namn": "Nordara AB",
      "personOrgnummer": "",
      "publiceringsdatum": "2025-12-16",
      "uppgiftslamnare": "Bolagsverket"
    },
    {
      "kungorelseid": "K954573/25",
      "kungorelsetyp": "Aktiebolagsregistret",
      "namn": "Cloud Alfa AB",
      "personOrgnummer": "",
      "publiceringsdatum": "2025-12-16",
      "uppgiftslamnare": "Bolagsverket"
    },
    {
      "kungorelseid": "K954576/25",
      "kungorelsetyp": "Aktiebolagsregistret",
      "namn": "Vilkenkombo AB",
      "personOrgnummer": "",
      "publiceringsdatum": "2025-12-16",
      "uppgiftslamnare": "Bolagsverket"
    },
    {
      "kungorelseid": "K954602/25",
      "kungorelsetyp": "Aktiebolagsregistret",
      "namn": "STNDR AB",
      "personOrgnummer": "",
      "publiceringsdatum": "2025-12-16",
      "uppgiftslamnare": "Bolagsverket"
    },
    {
      "kungorelseid": "K954624/25",
      "kungorelsetyp": "Aktiebolagsregistret",
      "namn": "Hagakullens Förvaltning AB",
      "personOrgnummer": "",
      "publiceringsdatum": "2025-12-16",
      "uppgiftslamnare": "Bolagsverket"
    },
    {
      "kungorelseid": "K954633/25",
      "kungorelsetyp": "Aktiebolagsregistret",
      "namn": "Lång Erfarenhet Ny Kunskap Sverige AB",
      "personOrgnummer": "",
      "publiceringsdatum": "2025-12-16",
      "uppgiftslamnare": "Bolagsverket"
    },
    {
      "kungorelseid": "K954637/25",
      "kungorelsetyp": "Aktiebolagsregistret",
      "namn": "Böhrens food Inspiration AB",
      "personOrgnummer": "",
      "publiceringsdatum": "2025-12-16",
      "uppgiftslamnare": "Bolagsverket"
    },
    {
      "kungorelseid": "K954982/25",
      "kungorelsetyp": "Aktiebolagsregistret",
      "namn": "SoftMark AB",
      "personOrgnummer": "",
      "publiceringsdatum": "2025-12-16",
      "uppgiftslamnare": "Bolagsverket"
    },
    {
      "kungorelseid": "K954393/25",
      "kungorelsetyp": "Aktiebolagsregistret",
      "namn": "Jodin Invest AB",
      "personOrgnummer": "",
      "publiceringsdatum": "2025-12-16",
      "uppgiftslamnare": "Bolagsverket"
    },
    {
      "kungorelseid": "K954396/25",
      "kungorelsetyp": "Aktiebolagsregistret",
      "namn": "Balence AI. Sweden AB",
      "personOrgnummer": "",
      "publiceringsdatum": "2025-12-16",
      "uppgiftslamnare": "Bolagsverket"
    },
    {
      "kungorelseid": "K954690/25",
      "kungorelsetyp": "Aktiebolagsregistret",
      "namn": "U Omnell AB",
      "personOrgnummer": "",
      "publiceringsdatum": "2025-12-16",
      "uppgiftslamnare": "Bolagsverket"
    },
    {
      "kungorelseid": "K954453/25",
      "kungorelsetyp": "Aktiebolagsregistret",
      "namn": "Mr.Pick AB",
      "personOrgnummer": "",
      "publiceringsdatum": "2025-12-16",
      "uppgiftslamnare": "Bolagsverket"
    },
    {
      "kungorelseid": "K954457/25",
      "kungorelsetyp": "Aktiebolagsregistret",
      "namn": "Vepe-Icepro Nordic AB",
      "personOrgnummer": "",
      "publiceringsdatum": "2025-12-16",
      "uppgiftslamnare": "Bolagsverket"
    },
    {
      "kungorelseid": "K954746/25",
      "kungorelsetyp": "Aktiebolagsregistret",
      "namn": "Nytech Entreprenad Nord AB",
      "personOrgnummer": "",
      "publiceringsdatum": "2025-12-16",
      "uppgiftslamnare": "Bolagsverket"
    },
    {
      "kungorelseid": "K954490/25",
      "kungorelsetyp": "Aktiebolagsregistret",
      "namn": "Lock & Tech Syd AB",
      "personOrgnummer": "",
      "publiceringsdatum": "2025-12-16",
      "uppgiftslamnare": "Bolagsverket"
    },
    {
      "kungorelseid": "K954773/25",
      "kungorelsetyp": "Aktiebolagsregistret",
      "namn": "NaturGlans AB",
      "personOrgnummer": "",
      "publiceringsdatum": "2025-12-16",
      "uppgiftslamnare": "Bolagsverket"
    },
    {
      "kungorelseid": "K954498/25",
      "kungorelsetyp": "Aktiebolagsregistret",
      "namn": "Machines of Loving Grace AB",
      "personOrgnummer": "",
      "publiceringsdatum": "2025-12-16",
      "uppgiftslamnare": "Bolagsverket"
    },
    {
      "kungorelseid": "K956538/25",
      "kungorelsetyp": "Aktiebolagsregistret",
      "namn": "Goldcup 38755 AB",
      "personOrgnummer": "",
      "publiceringsdatum": "2025-12-16",
      "uppgiftslamnare": "Bolagsverket"
    },
    {
      "kungorelseid": "K956540/25",
      "kungorelsetyp": "Aktiebolagsregistret",
      "namn": "Goldcup 38757 AB",
      "personOrgnummer": "",
      "publiceringsdatum": "2025-12-16",
      "uppgiftslamnare": "Bolagsverket"
    },
    {
      "kungorelseid": "K956542/25",
      "kungorelsetyp": "Aktiebolagsregistret",
      "namn": "Goldcup 38759 AB",
      "personOrgnummer": "",
      "publiceringsdatum": "2025-12-16",
      "uppgiftslamnare": "Bolagsverket"
    },
    {
      "kungorelseid": "K956544/25",
      "kungorelsetyp": "Aktiebolagsregistret",
      "namn": "Goldcup 38761 AB",
      "personOrgnummer": "",
      "publiceringsdatum": "2025-12-16",
      "uppgiftslamnare": "Bolagsverket"
    },
    {
      "kungorelseid": "K956546/25",
      "kungorelsetyp": "Aktiebolagsregistret",
      "namn": "Goldcup 38763 AB",
      "personOrgnummer": "",
      "publiceringsdatum": "2025-12-16",
      "uppgiftslamnare": "Bolagsverket"
    },
    {
      "kungorelseid": "K956549/25",
      "kungorelsetyp": "Aktiebolagsregistret",
      "namn": "Goldcup 38765 AB",
      "personOrgnummer": "",
      "publiceringsdatum": "2025-12-16",
      "uppgiftslamnare": "Bolagsverket"
    },
    {
      "kungorelseid": "K956553/25",
      "kungorelsetyp": "Aktiebolagsregistret",
      "namn": "Goldcup 38767 AB",
      "personOrgnummer": "",
      "publiceringsdatum": "2025-12-16",
      "uppgiftslamnare": "Bolagsverket"
    },
    {
      "kungorelseid": "K956555/25",
      "kungorelsetyp": "Aktiebolagsregistret",
      "namn": "Goldcup 38769 AB",
      "personOrgnummer": "",
      "publiceringsdatum": "2025-12-16",
      "uppgiftslamnare": "Bolagsverket"
    },
    {
      "kungorelseid": "K956557/25",
      "kungorelsetyp": "Aktiebolagsregistret",
      "namn": "Goldcup 38771 AB",
      "personOrgnummer": "",
      "publiceringsdatum": "2025-12-16",
      "uppgiftslamnare": "Bolagsverket"
    },
    {
      "kungorelseid": "K956560/25",
      "kungorelsetyp": "Aktiebolagsregistret",
      "namn": "Goldcup 38773 AB",
      "personOrgnummer": "",
      "publiceringsdatum": "2025-12-16",
      "uppgiftslamnare": "Bolagsverket"
    },
    {
      "kungorelseid": "K956563/25",
      "kungorelsetyp": "Aktiebolagsregistret",
      "namn": "Goldcup 38775 AB",
      "personOrgnummer": "",
      "publiceringsdatum": "2025-12-16",
      "uppgiftslamnare": "Bolagsverket"
    },
    {
      "kungorelseid": "K956566/25",
      "kungorelsetyp": "Aktiebolagsregistret",
      "namn": "Goldcup 38777 AB",
      "personOrgnummer": "",
      "publiceringsdatum": "2025-12-16",
      "uppgiftslamnare": "Bolagsverket"
    },
    {
      "kungorelseid": "K956273/25",
      "kungorelsetyp": "Aktiebolagsregistret",
      "namn": "VPR se 3394 AB",
      "personOrgnummer": "",
      "publiceringsdatum": "2025-12-16",
      "uppgiftslamnare": "Bolagsverket"
    },
    {
      "kungorelseid": "K954802/25",
      "kungorelsetyp": "Aktiebolagsregistret",
      "namn": "Prevent Group AB",
      "personOrgnummer": "",
      "publiceringsdatum": "2025-12-16",
      "uppgiftslamnare": "Bolagsverket"
    },
    {
      "kungorelseid": "K956569/25",
      "kungorelsetyp": "Aktiebolagsregistret",
      "namn": "Goldcup 38779 AB",
      "personOrgnummer": "",
      "publiceringsdatum": "2025-12-16",
      "uppgiftslamnare": "Bolagsverket"
    },
    {
      "kungorelseid": "K956586/25",
      "kungorelsetyp": "Aktiebolagsregistret",
      "namn": "Genc Lagerbolag 688 AB",
      "personOrgnummer": "",
      "publiceringsdatum": "2025-12-16",
      "uppgiftslamnare": "Bolagsverket"
    },
    {
      "kungorelseid": "K956292/25",
      "kungorelsetyp": "Aktiebolagsregistret",
      "namn": "Kommstart 4065 AB",
      "personOrgnummer": "",
      "publiceringsdatum": "2025-12-16",
      "uppgiftslamnare": "Bolagsverket"
    },
    {
      "kungorelseid": "K954548/25",
      "kungorelsetyp": "Aktiebolagsregistret",
      "namn": "ATG NORDIC TRANSPORT AB",
      "personOrgnummer": "",
      "publiceringsdatum": "2025-12-16",
      "uppgiftslamnare": "Bolagsverket"
    },
    {
      "kungorelseid": "K956588/25",
      "kungorelsetyp": "Aktiebolagsregistret",
      "namn": "Genc Lagerbolag 689 AB",
      "personOrgnummer": "",
      "publiceringsdatum": "2025-12-16",
      "uppgiftslamnare": "Bolagsverket"
    },
    {
      "kungorelseid": "K956592/25",
      "kungorelsetyp": "Aktiebolagsregistret",
      "namn": "Genc Lagerbolag 691 AB",
      "personOrgnummer": "",
      "publiceringsdatum": "2025-12-16",
      "uppgiftslamnare": "Bolagsverket"
    },
    {
      "kungorelseid": "K954557/25",
      "kungorelsetyp": "Aktiebolagsregistret",
      "namn": "Arvill Juridik AB",
      "personOrgnummer": "",
      "publiceringsdatum": "2025-12-16",
      "uppgiftslamnare": "Bolagsverket"
    },
    {
      "kungorelseid": "K954559/25",
      "kungorelsetyp": "Aktiebolagsregistret",
      "namn": "ESPIRA Consulting Aktiebolag",
      "personOrgnummer": "",
      "publiceringsdatum": "2025-12-16",
      "uppgiftslamnare": "Bolagsverket"
    },
    {
      "kungorelseid": "K954856/25",
      "kungorelsetyp": "Aktiebolagsregistret",
      "namn": "JBM & Brothers AB",
      "personOrgnummer": "",
      "publiceringsdatum": "2025-12-16",
      "uppgiftslamnare": "Bolagsverket"
    },
    {
      "kungorelseid": "K956594/25",
      "kungorelsetyp": "Aktiebolagsregistret",
      "namn": "Genc Lagerbolag 693 AB",
      "personOrgnummer": "",
      "publiceringsdatum": "2025-12-16",
      "uppgiftslamnare": "Bolagsverket"
    },
    {
      "kungorelseid": "K956597/25",
      "kungorelsetyp": "Aktiebolagsregistret",
      "namn": "Genc Lagerbolag 695 AB",
      "personOrgnummer": "",
      "publiceringsdatum": "2025-12-16",
      "uppgiftslamnare": "Bolagsverket"
    },
    {
      "kungorelseid": "K955226/25",
      "kungorelsetyp": "Aktiebolagsregistret",
      "namn": "Sethmark Project XIV Mellan AB",
      "personOrgnummer": "",
      "publiceringsdatum": "2025-12-16",
      "uppgiftslamnare": "Bolagsverket"
    },
    {
      "kungorelseid": "K955229/25",
      "kungorelsetyp": "Aktiebolagsregistret",
      "namn": "BIS Fastigheter AB",
      "personOrgnummer": "",
      "publiceringsdatum": "2025-12-16",
      "uppgiftslamnare": "Bolagsverket"
    },
    {
      "kungorelseid": "K955283/25",
      "kungorelsetyp": "Aktiebolagsregistret",
      "namn": "Hellqvist&co Måleri Entreprenad AB",
      "personOrgnummer": "",
      "publiceringsdatum": "2025-12-16",
      "uppgiftslamnare": "Bolagsverket"
    },
    {
      "kungorelseid": "K955286/25",
      "kungorelsetyp": "Aktiebolagsregistret",
      "namn": "THERRA Arkitektur & Bygghantverk AB",
      "personOrgnummer": "",
      "publiceringsdatum": "2025-12-16",
      "uppgiftslamnare": "Bolagsverket"
    },
    {
      "kungorelseid": "K954887/25",
      "kungorelsetyp": "Aktiebolagsregistret",
      "namn": "Blom8 AB",
      "personOrgnummer": "",
      "publiceringsdatum": "2025-12-16",
      "uppgiftslamnare": "Bolagsverket"
    },
    {
      "kungorelseid": "K955231/25",
      "kungorelsetyp": "Aktiebolagsregistret",
      "namn": "Tierps Regenerativa AB",
      "personOrgnummer": "",
      "publiceringsdatum": "2025-12-16",
      "uppgiftslamnare": "Bolagsverket"
    },
    {
      "kungorelseid": "K955232/25",
      "kungorelsetyp": "Aktiebolagsregistret",
      "namn": "GA Teknik AB",
      "personOrgnummer": "",
      "publiceringsdatum": "2025-12-16",
      "uppgiftslamnare": "Bolagsverket"
    },
    {
      "kungorelseid": "K955292/25",
      "kungorelsetyp": "Aktiebolagsregistret",
      "namn": "Shiftology AB",
      "personOrgnummer": "",
      "publiceringsdatum": "2025-12-16",
      "uppgiftslamnare": "Bolagsverket"
    },
    {
      "kungorelseid": "K955294/25",
      "kungorelsetyp": "Aktiebolagsregistret",
      "namn": "ellan games AB",
      "personOrgnummer": "",
      "publiceringsdatum": "2025-12-16",
      "uppgiftslamnare": "Bolagsverket"
    },
    {
      "kungorelseid": "K954589/25",
      "kungorelsetyp": "Aktiebolagsregistret",
      "namn": "Scandinavian Invest Holding AB",
      "personOrgnummer": "",
      "publiceringsdatum": "2025-12-16",
      "uppgiftslamnare": "Bolagsverket"
    },
    {
      "kungorelseid": "K954902/25",
      "kungorelsetyp": "Aktiebolagsregistret",
      "namn": "Rosted AB",
      "personOrgnummer": "",
      "publiceringsdatum": "2025-12-16",
      "uppgiftslamnare": "Bolagsverket"
    },
    {
      "kungorelseid": "K955234/25",
      "kungorelsetyp": "Aktiebolagsregistret",
      "namn": "Advokat Matilda Olsson AB",
      "personOrgnummer": "",
      "publiceringsdatum": "2025-12-16",
      "uppgiftslamnare": "Bolagsverket"
    },
    {
      "kungorelseid": "K955237/25",
      "kungorelsetyp": "Aktiebolagsregistret",
      "namn": "Hultan Växjö AB",
      "personOrgnummer": "",
      "publiceringsdatum": "2025-12-16",
      "uppgiftslamnare": "Bolagsverket"
    },
    {
      "kungorelseid": "K955302/25",
      "kungorelsetyp": "Aktiebolagsregistret",
      "namn": "RYL Fastigheter AB",
      "personOrgnummer": "",
      "publiceringsdatum": "2025-12-16",
      "uppgiftslamnare": "Bolagsverket"
    },
    {
      "kungorelseid": "K955309/25",
      "kungorelsetyp": "Aktiebolagsregistret",
      "namn": "GHOLDING AB",
      "personOrgnummer": "",
      "publiceringsdatum": "2025-12-16",
      "uppgiftslamnare": "Bolagsverket"
    },
    {
      "kungorelseid": "K955241/25",
      "kungorelsetyp": "Aktiebolagsregistret",
      "namn": "WelSecuria Consulting AB",
      "personOrgnummer": "",
      "publiceringsdatum": "2025-12-16",
      "uppgiftslamnare": "Bolagsverket"
    },
    {
      "kungorelseid": "K955244/25",
      "kungorelsetyp": "Aktiebolagsregistret",
      "namn": "Windlass Holding AB",
      "personOrgnummer": "",
      "publiceringsdatum": "2025-12-16",
      "uppgiftslamnare": "Bolagsverket"
    },
    {
      "kungorelseid": "K955317/25",
      "kungorelsetyp": "Aktiebolagsregistret",
      "namn": "Nöjesmetro Europa AB",
      "personOrgnummer": "",
      "publiceringsdatum": "2025-12-16",
      "uppgiftslamnare": "Bolagsverket"
    },
    {
      "kungorelseid": "K955319/25",
      "kungorelsetyp": "Aktiebolagsregistret",
      "namn": "Stengrop AB",
      "personOrgnummer": "",
      "publiceringsdatum": "2025-12-16",
      "uppgiftslamnare": "Bolagsverket"
    },
    {
      "kungorelseid": "K954929/25",
      "kungorelsetyp": "Aktiebolagsregistret",
      "namn": "AB Bellissimo Nybrostrand",
      "personOrgnummer": "",
      "publiceringsdatum": "2025-12-16",
      "uppgiftslamnare": "Bolagsverket"
    },
    {
      "kungorelseid": "K954931/25",
      "kungorelsetyp": "Aktiebolagsregistret",
      "namn": "The Obinéll Space AB",
      "personOrgnummer": "",
      "publiceringsdatum": "2025-12-16",
      "uppgiftslamnare": "Bolagsverket"
    },
    {
      "kungorelseid": "K955246/25",
      "kungorelsetyp": "Aktiebolagsregistret",
      "namn": "Matilda Lindström Kjaergaard AB",
      "personOrgnummer": "",
      "publiceringsdatum": "2025-12-16",
      "uppgiftslamnare": "Bolagsverket"
    },
    {
      "kungorelseid": "K955254/25",
      "kungorelsetyp": "Aktiebolagsregistret",
      "namn": "MO Engineering AB",
      "personOrgnummer": "",
      "publiceringsdatum": "2025-12-16",
      "uppgiftslamnare": "Bolagsverket"
    },
    {
      "kungorelseid": "K955322/25",
      "kungorelsetyp": "Aktiebolagsregistret",
      "namn": "Lilly Productions AB",
      "personOrgnummer": "",
      "publiceringsdatum": "2025-12-16",
      "uppgiftslamnare": "Bolagsverket"
    },
    {
      "kungorelseid": "K955325/25",
      "kungorelsetyp": "Aktiebolagsregistret",
      "namn": "EMF Byggpartner AB",
      "personOrgnummer": "",
      "publiceringsdatum": "2025-12-16",
      "uppgiftslamnare": "Bolagsverket"
    },
    {
      "kungorelseid": "K954652/25",
      "kungorelsetyp": "Aktiebolagsregistret",
      "namn": "Gwladys Street Capital Management AB",
      "personOrgnummer": "",
      "publiceringsdatum": "2025-12-16",
      "uppgiftslamnare": "Bolagsverket"
    },
    {
      "kungorelseid": "K955065/25",
      "kungorelsetyp": "Aktiebolagsregistret",
      "namn": "Aktiebolaget Grundstenen 177681",
      "personOrgnummer": "",
      "publiceringsdatum": "2025-12-16",
      "uppgiftslamnare": "Bolagsverket"
    },
    {
      "kungorelseid": "K955259/25",
      "kungorelsetyp": "Aktiebolagsregistret",
      "namn": "Sara Nilsson förvaltnings AB",
      "personOrgnummer": "",
      "publiceringsdatum": "2025-12-16",
      "uppgiftslamnare": "Bolagsverket"
    },
    {
      "kungorelseid": "K955263/25",
      "kungorelsetyp": "Aktiebolagsregistret",
      "namn": "Aktiebolaget Grundstenen 177682",
      "personOrgnummer": "",
      "publiceringsdatum": "2025-12-16",
      "uppgiftslamnare": "Bolagsverket"
    },
    {
      "kungorelseid": "K955184/25",
      "kungorelsetyp": "Aktiebolagsregistret",
      "namn": "HN Bröderna Bygg AB",
      "personOrgnummer": "",
      "publiceringsdatum": "2025-12-16",
      "uppgiftslamnare": "Bolagsverket"
    },
    {
      "kungorelseid": "K955187/25",
      "kungorelsetyp": "Aktiebolagsregistret",
      "namn": "Götakraft AB",
      "personOrgnummer": "",
      "publiceringsdatum": "2025-12-16",
      "uppgiftslamnare": "Bolagsverket"
    },
    {
      "kungorelseid": "K955328/25",
      "kungorelsetyp": "Aktiebolagsregistret",
      "namn": "Rosengren Förvaltning AB",
      "personOrgnummer": "",
      "publiceringsdatum": "2025-12-16",
      "uppgiftslamnare": "Bolagsverket"
    },
    {
      "kungorelseid": "K955329/25",
      "kungorelsetyp": "Aktiebolagsregistret",
      "namn": "Guha Haninge Accounts AB",
      "personOrgnummer": "",
      "publiceringsdatum": "2025-12-16",
      "uppgiftslamnare": "Bolagsverket"
    },
    {
      "kungorelseid": "K954678/25",
      "kungorelsetyp": "Aktiebolagsregistret",
      "namn": "Snart 15 AB",
      "personOrgnummer": "",
      "publiceringsdatum": "2025-12-16",
      "uppgiftslamnare": "Bolagsverket"
    },
    {
      "kungorelseid": "K955085/25",
      "kungorelsetyp": "Aktiebolagsregistret",
      "namn": "Hamberona Invest AB",
      "personOrgnummer": "",
      "publiceringsdatum": "2025-12-16",
      "uppgiftslamnare": "Bolagsverket"
    },
    {
      "kungorelseid": "K955265/25",
      "kungorelsetyp": "Aktiebolagsregistret",
      "namn": "Aktiebolaget Grundstenen 177684",
      "personOrgnummer": "",
      "publiceringsdatum": "2025-12-16",
      "uppgiftslamnare": "Bolagsverket"
    },
    {
      "kungorelseid": "K955189/25",
      "kungorelsetyp": "Aktiebolagsregistret",
      "namn": "Nordic Sport Club AB",
      "personOrgnummer": "",
      "publiceringsdatum": "2025-12-16",
      "uppgiftslamnare": "Bolagsverket"
    },
    {
      "kungorelseid": "K955191/25",
      "kungorelsetyp": "Aktiebolagsregistret",
      "namn": "Återhemtadig AB",
      "personOrgnummer": "",
      "publiceringsdatum": "2025-12-16",
      "uppgiftslamnare": "Bolagsverket"
    },
    {
      "kungorelseid": "K955334/25",
      "kungorelsetyp": "Aktiebolagsregistret",
      "namn": "M Stillborg Holding AB",
      "personOrgnummer": "",
      "publiceringsdatum": "2025-12-16",
      "uppgiftslamnare": "Bolagsverket"
    },
    {
      "kungorelseid": "K955344/25",
      "kungorelsetyp": "Aktiebolagsregistret",
      "namn": "Goldcup 101667 AB",
      "personOrgnummer": "",
      "publiceringsdatum": "2025-12-16",
      "uppgiftslamnare": "Bolagsverket"
    },
    {
      "kungorelseid": "K955346/25",
      "kungorelsetyp": "Aktiebolagsregistret",
      "namn": "Goldcup 101666 AB",
      "personOrgnummer": "",
      "publiceringsdatum": "2025-12-16",
      "uppgiftslamnare": "Bolagsverket"
    },
    {
      "kungorelseid": "K954983/25",
      "kungorelsetyp": "Aktiebolagsregistret",
      "namn": "Intentive Labs AB",
      "personOrgnummer": "",
      "publiceringsdatum": "2025-12-16",
      "uppgiftslamnare": "Bolagsverket"
    },
    {
      "kungorelseid": "K955106/25",
      "kungorelsetyp": "Aktiebolagsregistret",
      "namn": "Molise Invest AB",
      "personOrgnummer": "",
      "publiceringsdatum": "2025-12-16",
      "uppgiftslamnare": "Bolagsverket"
    },
    {
      "kungorelseid": "K955279/25",
      "kungorelsetyp": "Aktiebolagsregistret",
      "namn": "Packero AB",
      "personOrgnummer": "",
      "publiceringsdatum": "2025-12-16",
      "uppgiftslamnare": "Bolagsverket"
    },
    {
      "kungorelseid": "K955195/25",
      "kungorelsetyp": "Aktiebolagsregistret",
      "namn": "LogControl Sweden AB",
      "personOrgnummer": "",
      "publiceringsdatum": "2025-12-16",
      "uppgiftslamnare": "Bolagsverket"
    },
    {
      "kungorelseid": "K955207/25",
      "kungorelsetyp": "Aktiebolagsregistret",
      "namn": "Lyfta Marketing AB",
      "personOrgnummer": "",
      "publiceringsdatum": "2025-12-16",
      "uppgiftslamnare": "Bolagsverket"
    },
    {
      "kungorelseid": "K955351/25",
      "kungorelsetyp": "Aktiebolagsregistret",
      "namn": "Arose Partner AB",
      "personOrgnummer": "",
      "publiceringsdatum": "2025-12-16",
      "uppgiftslamnare": "Bolagsverket"
    },
    {
      "kungorelseid": "K954391/25",
      "kungorelsetyp": "Aktiebolagsregistret",
      "namn": "Strucon FW AB",
      "personOrgnummer": "",
      "publiceringsdatum": "2025-12-16",
      "uppgiftslamnare": "Bolagsverket"
    },
    {
      "kungorelseid": "K955011/25",
      "kungorelsetyp": "Aktiebolagsregistret",
      "namn": "MJ Lantbrukstjänst AB",
      "personOrgnummer": "",
      "publiceringsdatum": "2025-12-16",
      "uppgiftslamnare": "Bolagsverket"
    },
    {
      "kungorelseid": "K955293/25",
      "kungorelsetyp": "Aktiebolagsregistret",
      "namn": "Lunida Consulting AB",
      "personOrgnummer": "",
      "publiceringsdatum": "2025-12-16",
      "uppgiftslamnare": "Bolagsverket"
    },
    {
      "kungorelseid": "K955295/25",
      "kungorelsetyp": "Aktiebolagsregistret",
      "namn": "Go to Öland AB",
      "personOrgnummer": "",
      "publiceringsdatum": "2025-12-16",
      "uppgiftslamnare": "Bolagsverket"
    },
    {
      "kungorelseid": "K956539/25",
      "kungorelsetyp": "Aktiebolagsregistret",
      "namn": "Goldcup 38756 AB",
      "personOrgnummer": "",
      "publiceringsdatum": "2025-12-16",
      "uppgiftslamnare": "Bolagsverket"
    },
    {
      "kungorelseid": "K956541/25",
      "kungorelsetyp": "Aktiebolagsregistret",
      "namn": "Goldcup 38758 AB",
      "personOrgnummer": "",
      "publiceringsdatum": "2025-12-16",
      "uppgiftslamnare": "Bolagsverket"
    },
    {
      "kungorelseid": "K956543/25",
      "kungorelsetyp": "Aktiebolagsregistret",
      "namn": "Goldcup 38760 AB",
      "personOrgnummer": "",
      "publiceringsdatum": "2025-12-16",
      "uppgiftslamnare": "Bolagsverket"
    },
    {
      "kungorelseid": "K956545/25",
      "kungorelsetyp": "Aktiebolagsregistret",
      "namn": "Goldcup 38762 AB",
      "personOrgnummer": "",
      "publiceringsdatum": "2025-12-16",
      "uppgiftslamnare": "Bolagsverket"
    },
    {
      "kungorelseid": "K956548/25",
      "kungorelsetyp": "Aktiebolagsregistret",
      "namn": "Goldcup 38764 AB",
      "personOrgnummer": "",
      "publiceringsdatum": "2025-12-16",
      "uppgiftslamnare": "Bolagsverket"
    },
    {
      "kungorelseid": "K956551/25",
      "kungorelsetyp": "Aktiebolagsregistret",
      "namn": "Goldcup 38766 AB",
      "personOrgnummer": "",
      "publiceringsdatum": "2025-12-16",
      "uppgiftslamnare": "Bolagsverket"
    },
    {
      "kungorelseid": "K956554/25",
      "kungorelsetyp": "Aktiebolagsregistret",
      "namn": "Goldcup 38768 AB",
      "personOrgnummer": "",
      "publiceringsdatum": "2025-12-16",
      "uppgiftslamnare": "Bolagsverket"
    },
    {
      "kungorelseid": "K956556/25",
      "kungorelsetyp": "Aktiebolagsregistret",
      "namn": "Goldcup 38770 AB",
      "personOrgnummer": "",
      "publiceringsdatum": "2025-12-16",
      "uppgiftslamnare": "Bolagsverket"
    },
    {
      "kungorelseid": "K956559/25",
      "kungorelsetyp": "Aktiebolagsregistret",
      "namn": "Goldcup 38772 AB",
      "personOrgnummer": "",
      "publiceringsdatum": "2025-12-16",
      "uppgiftslamnare": "Bolagsverket"
    },
    {
      "kungorelseid": "K956562/25",
      "kungorelsetyp": "Aktiebolagsregistret",
      "namn": "Goldcup 38774 AB",
      "personOrgnummer": "",
      "publiceringsdatum": "2025-12-16",
      "uppgiftslamnare": "Bolagsverket"
    },
    {
      "kungorelseid": "K956564/25",
      "kungorelsetyp": "Aktiebolagsregistret",
      "namn": "Goldcup 38776 AB",
      "personOrgnummer": "",
      "publiceringsdatum": "2025-12-16",
      "uppgiftslamnare": "Bolagsverket"
    },
    {
      "kungorelseid": "K956567/25",
      "kungorelsetyp": "Aktiebolagsregistret",
      "namn": "Goldcup 38778 AB",
      "personOrgnummer": "",
      "publiceringsdatum": "2025-12-16",
      "uppgiftslamnare": "Bolagsverket"
    },
    {
      "kungorelseid": "K955213/25",
      "kungorelsetyp": "Aktiebolagsregistret",
      "namn": "Kärrsnäppan Invest AB",
      "personOrgnummer": "",
      "publiceringsdatum": "2025-12-16",
      "uppgiftslamnare": "Bolagsverket"
    },
    {
      "kungorelseid": "K955215/25",
      "kungorelsetyp": "Aktiebolagsregistret",
      "namn": "Frixa AB",
      "personOrgnummer": "",
      "publiceringsdatum": "2025-12-16",
      "uppgiftslamnare": "Bolagsverket"
    },
    {
      "kungorelseid": "K954723/25",
      "kungorelsetyp": "Aktiebolagsregistret",
      "namn": "FPO Teknik AB",
      "personOrgnummer": "",
      "publiceringsdatum": "2025-12-16",
      "uppgiftslamnare": "Bolagsverket"
    },
    {
      "kungorelseid": "K955015/25",
      "kungorelsetyp": "Aktiebolagsregistret",
      "namn": "Lomsjö Design AB",
      "personOrgnummer": "",
      "publiceringsdatum": "2025-12-16",
      "uppgiftslamnare": "Bolagsverket"
    },
    {
      "kungorelseid": "K955296/25",
      "kungorelsetyp": "Aktiebolagsregistret",
      "namn": "Karmans Digital Strategy AB",
      "personOrgnummer": "",
      "publiceringsdatum": "2025-12-16",
      "uppgiftslamnare": "Bolagsverket"
    },
    {
      "kungorelseid": "K955298/25",
      "kungorelsetyp": "Aktiebolagsregistret",
      "namn": "Tinywave AB",
      "personOrgnummer": "",
      "publiceringsdatum": "2025-12-16",
      "uppgiftslamnare": "Bolagsverket"
    },
    {
      "kungorelseid": "K955217/25",
      "kungorelsetyp": "Aktiebolagsregistret",
      "namn": "North & Within AB",
      "personOrgnummer": "",
      "publiceringsdatum": "2025-12-16",
      "uppgiftslamnare": "Bolagsverket"
    },
    {
      "kungorelseid": "K955219/25",
      "kungorelsetyp": "Aktiebolagsregistret",
      "namn": "Sethmark Project Mellan XI AB",
      "personOrgnummer": "",
      "publiceringsdatum": "2025-12-16",
      "uppgiftslamnare": "Bolagsverket"
    },
    {
      "kungorelseid": "K954747/25",
      "kungorelsetyp": "Aktiebolagsregistret",
      "namn": "R & W export AB",
      "personOrgnummer": "",
      "publiceringsdatum": "2025-12-16",
      "uppgiftslamnare": "Bolagsverket"
    },
    {
      "kungorelseid": "K955181/25",
      "kungorelsetyp": "Aktiebolagsregistret",
      "namn": "Carahl Consulting AB",
      "personOrgnummer": "",
      "publiceringsdatum": "2025-12-16",
      "uppgiftslamnare": "Bolagsverket"
    },
    {
      "kungorelseid": "K955301/25",
      "kungorelsetyp": "Aktiebolagsregistret",
      "namn": "Stina A. Invest AB",
      "personOrgnummer": "",
      "publiceringsdatum": "2025-12-16",
      "uppgiftslamnare": "Bolagsverket"
    },
    {
      "kungorelseid": "K956590/25",
      "kungorelsetyp": "Aktiebolagsregistret",
      "namn": "Genc Lagerbolag 690 AB",
      "personOrgnummer": "",
      "publiceringsdatum": "2025-12-16",
      "uppgiftslamnare": "Bolagsverket"
    },
    {
      "kungorelseid": "K956593/25",
      "kungorelsetyp": "Aktiebolagsregistret",
      "namn": "Genc Lagerbolag 692 AB",
      "personOrgnummer": "",
      "publiceringsdatum": "2025-12-16",
      "uppgiftslamnare": "Bolagsverket"
    },
    {
      "kungorelseid": "K955222/25",
      "kungorelsetyp": "Aktiebolagsregistret",
      "namn": "Sethmark Project Mellan XIII AB",
      "personOrgnummer": "",
      "publiceringsdatum": "2025-12-16",
      "uppgiftslamnare": "Bolagsverket"
    },
    {
      "kungorelseid": "K955224/25",
      "kungorelsetyp": "Aktiebolagsregistret",
      "namn": "Sethmark Project XV AB",
      "personOrgnummer": "",
      "publiceringsdatum": "2025-12-16",
      "uppgiftslamnare": "Bolagsverket"
    },
    {
      "kungorelseid": "K954763/25",
      "kungorelsetyp": "Aktiebolagsregistret",
      "namn": "Curvatic AB",
      "personOrgnummer": "",
      "publiceringsdatum": "2025-12-16",
      "uppgiftslamnare": "Bolagsverket"
    },
    {
      "kungorelseid": "K955192/25",
      "kungorelsetyp": "Aktiebolagsregistret",
      "namn": "BeFleetly AB",
      "personOrgnummer": "",
      "publiceringsdatum": "2025-12-16",
      "uppgiftslamnare": "Bolagsverket"
    },
    {
      "kungorelseid": "K955197/25",
      "kungorelsetyp": "Aktiebolagsregistret",
      "namn": "Cintra Technology AB",
      "personOrgnummer": "",
      "publiceringsdatum": "2025-12-16",
      "uppgiftslamnare": "Bolagsverket"
    },
    {
      "kungorelseid": "K955324/25",
      "kungorelsetyp": "Aktiebolagsregistret",
      "namn": "Stoltz Partner AB",
      "personOrgnummer": "",
      "publiceringsdatum": "2025-12-16",
      "uppgiftslamnare": "Bolagsverket"
    },
    {
      "kungorelseid": "K955331/25",
      "kungorelsetyp": "Aktiebolagsregistret",
      "namn": "Carljonas AB",
      "personOrgnummer": "",
      "publiceringsdatum": "2025-12-16",
      "uppgiftslamnare": "Bolagsverket"
    },
    {
      "kungorelseid": "K956595/25",
      "kungorelsetyp": "Aktiebolagsregistret",
      "namn": "Genc Lagerbolag 694 AB",
      "personOrgnummer": "",
      "publiceringsdatum": "2025-12-16",
      "uppgiftslamnare": "Bolagsverket"
    },
    {
      "kungorelseid": "K956596/25",
      "kungorelsetyp": "Aktiebolagsregistret",
      "namn": "Genc Lagerbolag 696 AB",
      "personOrgnummer": "",
      "publiceringsdatum": "2025-12-16",
      "uppgiftslamnare": "Bolagsverket"
    },
    {
      "kungorelseid": "K955228/25",
      "kungorelsetyp": "Aktiebolagsregistret",
      "namn": "Roslagsveterinären AB",
      "personOrgnummer": "",
      "publiceringsdatum": "2025-12-16",
      "uppgiftslamnare": "Bolagsverket"
    },
    {
      "kungorelseid": "K955230/25",
      "kungorelsetyp": "Aktiebolagsregistret",
      "namn": "Omudden Förvaltning AB",
      "personOrgnummer": "",
      "publiceringsdatum": "2025-12-16",
      "uppgiftslamnare": "Bolagsverket"
    },
    {
      "kungorelseid": "K955206/25",
      "kungorelsetyp": "Aktiebolagsregistret",
      "namn": "JED Invest AB",
      "personOrgnummer": "",
      "publiceringsdatum": "2025-12-16",
      "uppgiftslamnare": "Bolagsverket"
    },
    {
      "kungorelseid": "K955333/25",
      "kungorelsetyp": "Aktiebolagsregistret",
      "namn": "Mohlund & Partners AB",
      "personOrgnummer": "",
      "publiceringsdatum": "2025-12-16",
      "uppgiftslamnare": "Bolagsverket"
    },
    {
      "kungorelseid": "K955337/25",
      "kungorelsetyp": "Aktiebolagsregistret",
      "namn": "STRINÄS HOLDING AB",
      "personOrgnummer": "",
      "publiceringsdatum": "2025-12-16",
      "uppgiftslamnare": "Bolagsverket"
    },
    {
      "kungorelseid": "K956598/25",
      "kungorelsetyp": "Aktiebolagsregistret",
      "namn": "Genc Lagerbolag 687 AB",
      "personOrgnummer": "",
      "publiceringsdatum": "2025-12-16",
      "uppgiftslamnare": "Bolagsverket"
    },
    {
      "kungorelseid": "K955247/25",
      "kungorelsetyp": "Aktiebolagsregistret",
      "namn": "MagBit AB",
      "personOrgnummer": "",
      "publiceringsdatum": "2025-12-16",
      "uppgiftslamnare": "Bolagsverket"
    },
    {
      "kungorelseid": "K955250/25",
      "kungorelsetyp": "Aktiebolagsregistret",
      "namn": "ARVEXA AB",
      "personOrgnummer": "",
      "publiceringsdatum": "2025-12-16",
      "uppgiftslamnare": "Bolagsverket"
    },
    {
      "kungorelseid": "K954489/25",
      "kungorelsetyp": "Aktiebolagsregistret",
      "namn": "Oralida Solutions AB",
      "personOrgnummer": "",
      "publiceringsdatum": "2025-12-16",
      "uppgiftslamnare": "Bolagsverket"
    },
    {
      "kungorelseid": "K955214/25",
      "kungorelsetyp": "Aktiebolagsregistret",
      "namn": "Dimarbe AB",
      "personOrgnummer": "",
      "publiceringsdatum": "2025-12-16",
      "uppgiftslamnare": "Bolagsverket"
    },
    {
      "kungorelseid": "K955216/25",
      "kungorelsetyp": "Aktiebolagsregistret",
      "namn": "Kollisionskurs Psykologibyrå AB",
      "personOrgnummer": "",
      "publiceringsdatum": "2025-12-16",
      "uppgiftslamnare": "Bolagsverket"
    },
    {
      "kungorelseid": "K955343/25",
      "kungorelsetyp": "Aktiebolagsregistret",
      "namn": "Goldcup 101665 AB",
      "personOrgnummer": "",
      "publiceringsdatum": "2025-12-16",
      "uppgiftslamnare": "Bolagsverket"
    },
    {
      "kungorelseid": "K955350/25",
      "kungorelsetyp": "Aktiebolagsregistret",
      "namn": "Goldcup 101668 AB",
      "personOrgnummer": "",
      "publiceringsdatum": "2025-12-16",
      "uppgiftslamnare": "Bolagsverket"
    },
    {
      "kungorelseid": "K955356/25",
      "kungorelsetyp": "Aktiebolagsregistret",
      "namn": "Goldcup 101669 AB",
      "personOrgnummer": "",
      "publiceringsdatum": "2025-12-16",
      "uppgiftslamnare": "Bolagsverket"
    },
    {
      "kungorelseid": "K955252/25",
      "kungorelsetyp": "Aktiebolagsregistret",
      "namn": "Green Source AB",
      "personOrgnummer": "",
      "publiceringsdatum": "2025-12-16",
      "uppgiftslamnare": "Bolagsverket"
    },
    {
      "kungorelseid": "K955257/25",
      "kungorelsetyp": "Aktiebolagsregistret",
      "namn": "Salomonsson grafisk produktion AB",
      "personOrgnummer": "",
      "publiceringsdatum": "2025-12-16",
      "uppgiftslamnare": "Bolagsverket"
    },
    {
      "kungorelseid": "K955218/25",
      "kungorelsetyp": "Aktiebolagsregistret",
      "namn": "KlarGo AB",
      "personOrgnummer": "",
      "publiceringsdatum": "2025-12-16",
      "uppgiftslamnare": "Bolagsverket"
    },
    {
      "kungorelseid": "K955220/25",
      "kungorelsetyp": "Aktiebolagsregistret",
      "namn": "Sethmark Project XIII AB",
      "personOrgnummer": "",
      "publiceringsdatum": "2025-12-16",
      "uppgiftslamnare": "Bolagsverket"
    },
    {
      "kungorelseid": "K955261/25",
      "kungorelsetyp": "Aktiebolagsregistret",
      "namn": "BO Städ & Service AB",
      "personOrgnummer": "",
      "publiceringsdatum": "2025-12-16",
      "uppgiftslamnare": "Bolagsverket"
    },
    {
      "kungorelseid": "K955264/25",
      "kungorelsetyp": "Aktiebolagsregistret",
      "namn": "Aktiebolaget Grundstenen 177683",
      "personOrgnummer": "",
      "publiceringsdatum": "2025-12-16",
      "uppgiftslamnare": "Bolagsverket"
    },
    {
      "kungorelseid": "K955221/25",
      "kungorelsetyp": "Aktiebolagsregistret",
      "namn": "Sethmark Project XII AB",
      "personOrgnummer": "",
      "publiceringsdatum": "2025-12-16",
      "uppgiftslamnare": "Bolagsverket"
    },
    {
      "kungorelseid": "K955223/25",
      "kungorelsetyp": "Aktiebolagsregistret",
      "namn": "Sethmark Project Mellan XV AB",
      "personOrgnummer": "",
      "publiceringsdatum": "2025-12-16",
      "uppgiftslamnare": "Bolagsverket"
    },
    {
      "kungorelseid": "K956272/25",
      "kungorelsetyp": "Aktiebolagsregistret",
      "namn": "VPR se 3393 AB",
      "personOrgnummer": "",
      "publiceringsdatum": "2025-12-16",
      "uppgiftslamnare": "Bolagsverket"
    },
    {
      "kungorelseid": "K955021/25",
      "kungorelsetyp": "Aktiebolagsregistret",
      "namn": "Sonicue AB",
      "personOrgnummer": "",
      "publiceringsdatum": "2025-12-16",
      "uppgiftslamnare": "Bolagsverket"
    },
    {
      "kungorelseid": "K955266/25",
      "kungorelsetyp": "Aktiebolagsregistret",
      "namn": "Aktiebolaget Grundstenen 177685",
      "personOrgnummer": "",
      "publiceringsdatum": "2025-12-16",
      "uppgiftslamnare": "Bolagsverket"
    },
    {
      "kungorelseid": "K954552/25",
      "kungorelsetyp": "Aktiebolagsregistret",
      "namn": "F Nordendorph AB",
      "personOrgnummer": "",
      "publiceringsdatum": "2025-12-16",
      "uppgiftslamnare": "Bolagsverket"
    },
    {
      "kungorelseid": "K954871/25",
      "kungorelsetyp": "Aktiebolagsregistret",
      "namn": "Moonway AB",
      "personOrgnummer": "",
      "publiceringsdatum": "2025-12-16",
      "uppgiftslamnare": "Bolagsverket"
    }
  ],
  "meta": {
    "contains_target_keys": false,
    "host": null,
    "item_count": 156,
    "path": "/poit/rest/SokKungorelse",
    "query": {
      "kungorelseid": "K943401/25"
    },
    "timestamp": "20251216_033926",
    "url": "/poit/rest/SokKungorelse?kungorelseid=K943401%2F25"
  }
}