{
  "company_name": "Jodin Invest AB",
  "orgnr": "559561-9577",
  "folder_name": "K954393-25",
  "preview_url": "https://demo-kzmjkjzcy12zhmm1fl9q.vusercontent.net",
  "chat_id": "sNsR4vicKf6",
  "version_id": "b_Ig01lejPWrn",
  "cost": {
    "estimated": {
      "estimated_prompt_tokens": 806,
      "estimated_completion_tokens": 3500,
      "estimated_total_tokens": 4306,
      "estimated_cost_usd": 0.027459,
      "model": "v0-1.5-md",
      "timestamp": "2025-12-16T05:21:51.076542"
    },
    "actual": null,
    "generated_at": "2025-12-16T05:26:37.578294"
  },
  "generated_at": "2025-12-16T05:26:37.578303"
}