{
  "company_name": "KMJ Partner AB",
  "orgnr": "559563-0533",
  "folder_name": "K965095-25",
  "preview_url": "https://demo-kzmih596gwu45czpzarq.vusercontent.net",
  "chat_id": "voLOBMNadfA",
  "version_id": "b_B2HG8SFgFFF",
  "cost": {
    "estimated": {
      "estimated_prompt_tokens": 1026,
      "estimated_completion_tokens": 3500,
      "estimated_total_tokens": 4526,
      "estimated_cost_usd": 0.027789,
      "model": "v0-1.5-md",
      "timestamp": "2025-12-18T15:14:02.964809"
    },
    "actual": null,
    "generated_at": "2025-12-18T15:17:00.546788"
  },
  "generated_at": "2025-12-18T15:17:00.546796"
}