{
  "url": "https://poit.bolagsverket.se/poit-app/kungorelse/K947443-25",
  "kungorelseId": "K947443-25",
  "textContent": "In English\n\nStart\nSök kungörelse\nSök kungörelse av årsredovisning\nBli kund Logga in\nBolagsverkets registreringar\nAktiebolagsregistret\nNyregistreringar\n\nNamn/fastighetsbeteckning\n\nJayJay i Växjö AB, 559561-3752\n\nRegistreringsdatum\n\n2025-12-10\n\nLän\n\nKronobergs län\n\nPubliceringsdatum\n\n2025-12-12\n\nKungörelse-id\n\nK947443/25\n\nUppgiftslämnare\n\nBolagsverket\n\nKungörelsetext\nOrg nr: 559561-3752\nFöretagsnamn: JayJay i Växjö AB\nSäte: Växjö\nPostadress: c/o Jan Johansson, Skidsvängen 94, 352 49 VÄXJÖ,\nE-post: jan.johansson@ecosign.se\nTyp: Privat aktiebolag\nBildat: 2025-12-04\nVerksamhet: Bolaget ska äga och förvalta aktier och andelar i andra företag samt därmed förenlig verksamhet.\nRäkenskapsår: 0701 - 0630\nAktiekapital: 25.000 SEK Lägst: 25.000 SEK Högst: 100.000 SEK Antal aktier: 500. Lägst: 500. Högst: 2.000.\nKallelse: Kallelse sker genom e-post. Aktiebolaget får hålla stämmor digitalt.\nFöreskrift om antal styrelseledamöter/styrelsesuppleanter: Lägst antal ordinarie ledamöter: 1, högst antal ordinarie ledamöter: 3. Lägst antal suppleanter: 1, högst antal suppleanter: 3.\nFörbehåll/avvikelser/villkor: Bestämmelse att företaget inte behöver ha revisor.\nStyrelseledamöter: 19690527-2735 Johansson, Jan Magnus, SKIDSVÄNGEN 94, 352 49 VÄXJÖ,\nStyrelsesuppleanter: 19680324-2764 Wågesson, Inger Monika Birgitta, SKIDSVÄNGEN 94, 352 49 VÄXJÖ,\nFirmateckning: Firman tecknas av styrelsen\n« Tillbaka\nSkriv ut\n0771-670 670\n\nBolagsverket\nPost- och Inrikes Tidningar\n851 81 Sundsvall\n\nKontakta oss\n\nOm tjänsten\n\nTillgänglighet \n\nPersonuppgifter \n\nVillkor",
  "htmlContent": "<div data-v-f586e3e1=\"\" class=\"container\"><div data-v-d9a29b7e=\"\" class=\"page\"> <div data-v-d9a29b7e=\"\"><!----><!----><div data-v-d9a29b7e=\"\" class=\"row\"><div data-v-d9a29b7e=\"\" class=\"col-md-12\"><h1 data-v-d9a29b7e=\"\" class=\"py-3\">Bolagsverkets registreringar</h1><h2 data-v-d9a29b7e=\"\" class=\"d-md-inline py-1 me-md-3\">Aktiebolagsregistret</h2><h3 data-v-d9a29b7e=\"\" class=\"mt-3\">Nyregistreringar</h3></div></div><form data-v-d9a29b7e=\"\" class=\"\"><div data-v-d9a29b7e=\"\" class=\"row\"><div data-v-d9a29b7e=\"\" class=\"col-12 col-lg-10 col-xl-8 pt-4\"><div data-v-d9a29b7e=\"\" class=\"row\"><div data-v-d9a29b7e=\"\" class=\"col-md-4\"><p data-v-d9a29b7e=\"\" class=\"label\">Namn/fastighetsbeteckning</p></div><div data-v-d9a29b7e=\"\" class=\"col-md-8\"><p data-v-d9a29b7e=\"\" id=\"fysjur\">JayJay i Växjö AB, <span data-v-d9a29b7e=\"\" class=\"nowrap\">559561-3752</span></p></div></div><div data-v-d9a29b7e=\"\" class=\"row\"><div data-v-d9a29b7e=\"\" class=\"col-md-4\"><p data-v-d9a29b7e=\"\" class=\"label\">Registreringsdatum</p></div><div data-v-d9a29b7e=\"\" class=\"col-md-8\"><p data-v-d9a29b7e=\"\" id=\"datum\">2025-12-10</p></div></div><div data-v-d9a29b7e=\"\" class=\"row\"><div data-v-d9a29b7e=\"\" class=\"col-md-4\"><p data-v-d9a29b7e=\"\" class=\"label\">Län</p></div><div data-v-d9a29b7e=\"\" class=\"col-md-8\"><p data-v-d9a29b7e=\"\" id=\"lan\">Kronobergs län</p></div></div><div data-v-d9a29b7e=\"\" class=\"row\"><div data-v-d9a29b7e=\"\" class=\"col-md-4\"><p data-v-d9a29b7e=\"\" class=\"label\">Publiceringsdatum</p></div><div data-v-d9a29b7e=\"\" class=\"col-md-8\"><p data-v-d9a29b7e=\"\" id=\"publiceringsdatum\">2025-12-12</p></div></div><div data-v-d9a29b7e=\"\" class=\"row\"><div data-v-d9a29b7e=\"\" class=\"col-md-4\"><p data-v-d9a29b7e=\"\" class=\"label\">Kungörelse-id</p></div><div data-v-d9a29b7e=\"\" class=\"col-md-8\"><p data-v-d9a29b7e=\"\" id=\"kungorelseid\">K947443/25</p></div></div><div data-v-d9a29b7e=\"\" class=\"row\"><div data-v-d9a29b7e=\"\" class=\"col-md-4\"><p data-v-d9a29b7e=\"\" class=\"label\">Uppgiftslämnare</p></div><div data-v-d9a29b7e=\"\" class=\"col-md-8\"><p data-v-d9a29b7e=\"\" id=\"kund\">Bolagsverket</p></div></div></div><div data-v-d9a29b7e=\"\" class=\"col-12\"><div data-v-d9a29b7e=\"\" class=\"mt-3\"><div data-v-d9a29b7e=\"\" class=\"infobox p-4 border blv-border-light bg-white\"><h4 data-v-d9a29b7e=\"\">Kungörelsetext</h4><div data-v-d9a29b7e=\"\"><b>Org nr:</b> 559561-3752 <br><b>Företagsnamn:</b> JayJay i Växjö AB <br><b>Säte:</b> Växjö <br><b>Postadress:</b> c/o Jan Johansson, Skidsvängen 94, 352 49 VÄXJÖ, <br><b>E-post:</b> jan.johansson@ecosign.se <br><b>Typ:</b> Privat aktiebolag <br><b>Bildat:</b> 2025-12-04 <br><b>Verksamhet:</b> Bolaget ska äga och förvalta aktier och andelar i andra företag samt därmed förenlig verksamhet. <br><b>Räkenskapsår:</b> 0701 - 0630 <br><b>Aktiekapital:</b> 25.000 SEK Lägst: 25.000 SEK Högst: 100.000 SEK Antal aktier: 500. Lägst: 500. Högst: 2.000. <br><b>Kallelse:</b> Kallelse sker genom e-post. Aktiebolaget får hålla stämmor digitalt. <br><b>Föreskrift om antal styrelseledamöter/styrelsesuppleanter:</b> Lägst antal ordinarie ledamöter:   1, högst antal ordinarie ledamöter:   3. Lägst antal suppleanter:   1, högst antal suppleanter:   3. <br><b>Förbehåll/avvikelser/villkor:</b> Bestämmelse att företaget inte behöver ha revisor. <br><b>Styrelseledamöter:</b> 19690527-2735 Johansson, Jan Magnus, SKIDSVÄNGEN 94, 352 49 VÄXJÖ, <br><b>Styrelsesuppleanter:</b> 19680324-2764 Wågesson, Inger Monika Birgitta, SKIDSVÄNGEN 94, 352 49 VÄXJÖ, <br><b>Firmateckning:</b> Firman tecknas av styrelsen</div></div></div></div></div><div data-v-d9a29b7e=\"\" class=\"row\"><div data-v-d9a29b7e=\"\" class=\"col\"><hr data-v-d9a29b7e=\"\"></div></div><div data-v-d9a29b7e=\"\" class=\"d-flex mb-2\"><div data-v-d9a29b7e=\"\"><button data-v-d9a29b7e=\"\" type=\"button\" class=\"btn btn-link\">« Tillbaka</button></div><div data-v-d9a29b7e=\"\"><button data-v-d9a29b7e=\"\" type=\"button\" class=\"btn blv-color btn-primary ms-2\">Skriv ut</button></div></div><div data-v-d9a29b7e=\"\" class=\"d-flex mt-2 mb-2\"><!----></div></form></div></div></div>",
  "timestamp": "2025-12-12T10:39:09.631Z",
  "title": "Kungörelse | Post- och Inrikes Tidningar (PoIT) - Bolagsverket"
}