{
  "company_name": "Emma Boberg AB",
  "orgnr": "559563-2992",
  "folder_name": "K965200-25",
  "preview_url": "https://demo-kzmjqa6nfvu8zjr6d9bo.vusercontent.net",
  "chat_id": "tDfWv1flE9A",
  "version_id": "b_JsUAteYesrt",
  "cost": {
    "estimated": {
      "estimated_prompt_tokens": 960,
      "estimated_completion_tokens": 3500,
      "estimated_total_tokens": 4460,
      "estimated_cost_usd": 0.02769,
      "model": "v0-1.5-md",
      "timestamp": "2025-12-18T15:09:52.553746"
    },
    "actual": null,
    "generated_at": "2025-12-18T15:13:28.554028"
  },
  "generated_at": "2025-12-18T15:13:28.554035"
}