{
  "company_name": "M.Ström förvaltning AB",
  "orgnr": "559562-9923",
  "folder_name": "K964349-25",
  "preview_url": "https://demo-kzmkr97h80jjlcdj5miw.vusercontent.net",
  "chat_id": "jYBIRoZwlAK",
  "version_id": "b_Q60T3cAxtHH",
  "cost": {
    "estimated": {
      "estimated_prompt_tokens": 996,
      "estimated_completion_tokens": 3500,
      "estimated_total_tokens": 4496,
      "estimated_cost_usd": 0.027744,
      "model": "v0-1.5-md",
      "timestamp": "2025-12-18T15:17:33.974694"
    },
    "actual": null,
    "generated_at": "2025-12-18T15:21:24.913507"
  },
  "generated_at": "2025-12-18T15:21:24.913514"
}