{
  "url": "https://poit.bolagsverket.se/poit-app/kungorelse/K947479-25",
  "kungorelseId": "K947479-25",
  "textContent": "In English\n\nStart\nSök kungörelse\nSök kungörelse av årsredovisning\nBli kund Logga in\nBolagsverkets registreringar\nAktiebolagsregistret\nNyregistreringar\n\nNamn/fastighetsbeteckning\n\nSkillinge Diversehandel AB, 559561-5823\n\nRegistreringsdatum\n\n2025-12-10\n\nLän\n\nSkåne län\n\nPubliceringsdatum\n\n2025-12-12\n\nKungörelse-id\n\nK947479/25\n\nUppgiftslämnare\n\nBolagsverket\n\nKungörelsetext\nOrg nr: 559561-5823\nFöretagsnamn: Skillinge Diversehandel AB\nSäte: Simrishamn\nPostadress: Seymoursväg 3, 276 60 SKILLINGE,\nTyp: Privat aktiebolag\nBildat: 2025-11-19\nVerksamhet: Bolagets verksamhet är handel med inredning och konfektion inom detaljhandeln och därmed förenlig verksamhet.\nRäkenskapsår: 1101 - 1031\nAktiekapital: 25.000 SEK Lägst: 25.000 SEK Högst: 100.000 SEK Antal aktier: 500. Lägst: 500. Högst: 2.000.\nKallelse: Kallelse sker genom brev eller e-post.\nFöreskrift om antal styrelseledamöter/styrelsesuppleanter: Lägst antal ordinarie ledamöter: 1, högst antal ordinarie ledamöter: 10. Lägst antal suppleanter: 0, högst antal suppleanter: 10.\nFörbehåll/avvikelser/villkor: Hembudsförbehåll, Bestämmelse att företaget inte behöver ha revisor.\nStyrelseledamöter: 19561027-4002 Johansson Mc Garry, Ingela Ulrika, SEYMOURS VÄG 3, 276 60 SKILLINGE,\nStyrelsesuppleanter: 19950715-6942 Rosander, Ellie, TELLUSGATAN 6 A LGH 1202, 224 57 LUND,\nFirmateckning: Firman tecknas av styrelsen\n« Tillbaka\nSkriv ut\n0771-670 670\n\nBolagsverket\nPost- och Inrikes Tidningar\n851 81 Sundsvall\n\nKontakta oss\n\nOm tjänsten\n\nTillgänglighet \n\nPersonuppgifter \n\nVillkor",
  "htmlContent": "<div data-v-f586e3e1=\"\" class=\"container\"><div data-v-d9a29b7e=\"\" class=\"page\"> <div data-v-d9a29b7e=\"\"><!----><!----><div data-v-d9a29b7e=\"\" class=\"row\"><div data-v-d9a29b7e=\"\" class=\"col-md-12\"><h1 data-v-d9a29b7e=\"\" class=\"py-3\">Bolagsverkets registreringar</h1><h2 data-v-d9a29b7e=\"\" class=\"d-md-inline py-1 me-md-3\">Aktiebolagsregistret</h2><h3 data-v-d9a29b7e=\"\" class=\"mt-3\">Nyregistreringar</h3></div></div><form data-v-d9a29b7e=\"\" class=\"\"><div data-v-d9a29b7e=\"\" class=\"row\"><div data-v-d9a29b7e=\"\" class=\"col-12 col-lg-10 col-xl-8 pt-4\"><div data-v-d9a29b7e=\"\" class=\"row\"><div data-v-d9a29b7e=\"\" class=\"col-md-4\"><p data-v-d9a29b7e=\"\" class=\"label\">Namn/fastighetsbeteckning</p></div><div data-v-d9a29b7e=\"\" class=\"col-md-8\"><p data-v-d9a29b7e=\"\" id=\"fysjur\">Skillinge Diversehandel AB, <span data-v-d9a29b7e=\"\" class=\"nowrap\">559561-5823</span></p></div></div><div data-v-d9a29b7e=\"\" class=\"row\"><div data-v-d9a29b7e=\"\" class=\"col-md-4\"><p data-v-d9a29b7e=\"\" class=\"label\">Registreringsdatum</p></div><div data-v-d9a29b7e=\"\" class=\"col-md-8\"><p data-v-d9a29b7e=\"\" id=\"datum\">2025-12-10</p></div></div><div data-v-d9a29b7e=\"\" class=\"row\"><div data-v-d9a29b7e=\"\" class=\"col-md-4\"><p data-v-d9a29b7e=\"\" class=\"label\">Län</p></div><div data-v-d9a29b7e=\"\" class=\"col-md-8\"><p data-v-d9a29b7e=\"\" id=\"lan\">Skåne län</p></div></div><div data-v-d9a29b7e=\"\" class=\"row\"><div data-v-d9a29b7e=\"\" class=\"col-md-4\"><p data-v-d9a29b7e=\"\" class=\"label\">Publiceringsdatum</p></div><div data-v-d9a29b7e=\"\" class=\"col-md-8\"><p data-v-d9a29b7e=\"\" id=\"publiceringsdatum\">2025-12-12</p></div></div><div data-v-d9a29b7e=\"\" class=\"row\"><div data-v-d9a29b7e=\"\" class=\"col-md-4\"><p data-v-d9a29b7e=\"\" class=\"label\">Kungörelse-id</p></div><div data-v-d9a29b7e=\"\" class=\"col-md-8\"><p data-v-d9a29b7e=\"\" id=\"kungorelseid\">K947479/25</p></div></div><div data-v-d9a29b7e=\"\" class=\"row\"><div data-v-d9a29b7e=\"\" class=\"col-md-4\"><p data-v-d9a29b7e=\"\" class=\"label\">Uppgiftslämnare</p></div><div data-v-d9a29b7e=\"\" class=\"col-md-8\"><p data-v-d9a29b7e=\"\" id=\"kund\">Bolagsverket</p></div></div></div><div data-v-d9a29b7e=\"\" class=\"col-12\"><div data-v-d9a29b7e=\"\" class=\"mt-3\"><div data-v-d9a29b7e=\"\" class=\"infobox p-4 border blv-border-light bg-white\"><h4 data-v-d9a29b7e=\"\">Kungörelsetext</h4><div data-v-d9a29b7e=\"\"><b>Org nr:</b> 559561-5823 <br><b>Företagsnamn:</b> Skillinge Diversehandel AB <br><b>Säte:</b> Simrishamn <br><b>Postadress:</b> Seymoursväg 3, 276 60 SKILLINGE, <br><b>Typ:</b> Privat aktiebolag <br><b>Bildat:</b> 2025-11-19 <br><b>Verksamhet:</b> Bolagets verksamhet är handel med inredning och konfektion inom detaljhandeln och därmed förenlig verksamhet. <br><b>Räkenskapsår:</b> 1101 - 1031 <br><b>Aktiekapital:</b> 25.000 SEK Lägst: 25.000 SEK Högst: 100.000 SEK Antal aktier: 500. Lägst: 500. Högst: 2.000. <br><b>Kallelse:</b> Kallelse sker genom brev eller e-post. <br><b>Föreskrift om antal styrelseledamöter/styrelsesuppleanter:</b> Lägst antal ordinarie ledamöter:   1, högst antal ordinarie ledamöter:  10. Lägst antal suppleanter:   0, högst antal suppleanter:  10. <br><b>Förbehåll/avvikelser/villkor:</b> Hembudsförbehåll, Bestämmelse att företaget inte behöver ha revisor. <br><b>Styrelseledamöter:</b> 19561027-4002 Johansson Mc Garry, Ingela Ulrika, SEYMOURS VÄG 3, 276 60 SKILLINGE, <br><b>Styrelsesuppleanter:</b> 19950715-6942 Rosander, Ellie, TELLUSGATAN 6 A LGH 1202, 224 57 LUND, <br><b>Firmateckning:</b> Firman tecknas av styrelsen</div></div></div></div></div><div data-v-d9a29b7e=\"\" class=\"row\"><div data-v-d9a29b7e=\"\" class=\"col\"><hr data-v-d9a29b7e=\"\"></div></div><div data-v-d9a29b7e=\"\" class=\"d-flex mb-2\"><div data-v-d9a29b7e=\"\"><button data-v-d9a29b7e=\"\" type=\"button\" class=\"btn btn-link\">« Tillbaka</button></div><div data-v-d9a29b7e=\"\"><button data-v-d9a29b7e=\"\" type=\"button\" class=\"btn blv-color btn-primary ms-2\">Skriv ut</button></div></div><div data-v-d9a29b7e=\"\" class=\"d-flex mt-2 mb-2\"><!----></div></form></div></div></div>",
  "timestamp": "2025-12-12T10:09:33.272Z",
  "title": "Kungörelse | Post- och Inrikes Tidningar (PoIT) - Bolagsverket"
}