{
  "url": "https://poit.bolagsverket.se/poit-app/kungorelse/K965090-25",
  "kungorelseId": "K965090-25",
  "textContent": "In English\n\nStart\nSök kungörelse\nSök kungörelse av årsredovisning\nBli kund Logga in\nBolagsverkets registreringar\nAktiebolagsregistret\nNyregistreringar\n\nNamn/fastighetsbeteckning\n\nM. Tuolja AB, 559563-0293\n\nRegistreringsdatum\n\n2025-12-16\n\nLän\n\nNorrbottens län\n\nPubliceringsdatum\n\n2025-12-18\n\nKungörelse-id\n\nK965090/25\n\nUppgiftslämnare\n\nBolagsverket\n\nKungörelsetext\nOrg nr: 559563-0293\nFöretagsnamn: M. Tuolja AB\nSäte: Jokkmokk\nPostadress: Skabramgatan 12, 962 33 JOKKMOKK,\nE-post: mattiastuolja@hotmail.se\nTyp: Privat aktiebolag\nBildat: 2025-11-28\nVerksamhet: Aktiebolaget ska äga och förvalta fast och lös egendom samt idka därmed förenlig verksamhet.\nRäkenskapsår: 0101 - 1231\nAktiekapital: 25.000 SEK Lägst: 25.000 SEK Högst: 100.000 SEK Antal aktier: 500. Lägst: 500. Högst: 2.000.\nKallelse: Kallelse sker genom e-post. Aktiebolaget får hålla stämmor digitalt.\nFöreskrift om antal styrelseledamöter/styrelsesuppleanter: Lägst antal ordinarie ledamöter: 1, högst antal ordinarie ledamöter: 10. Lägst antal suppleanter: 1, högst antal suppleanter: 10.\nFörbehåll/avvikelser/villkor: Bestämmelse att företaget inte behöver ha revisor.\nStyrelseledamöter: 19880307-9030 Tuolja, Lars Mattias, SKABRAMGATAN 12, 962 33 JOKKMOKK,\nStyrelsesuppleanter: 19930421-4381 Lyngman Gælok, Lisa Lucia, SKABRAMGATAN 12, 962 33 JOKKMOKK,\nFirmateckning: Firman tecknas av styrelsen\n« Tillbaka\nSkriv ut\n0771-670 670\n\nBolagsverket\nPost- och Inrikes Tidningar\n851 81 Sundsvall\n\nKontakta oss\n\nOm tjänsten\n\nTillgänglighet \n\nPersonuppgifter \n\nVillkor",
  "htmlContent": "<div data-v-f586e3e1=\"\" class=\"container\"><div data-v-d9a29b7e=\"\" class=\"page\"> <div data-v-d9a29b7e=\"\"><!----><!----><div data-v-d9a29b7e=\"\" class=\"row\"><div data-v-d9a29b7e=\"\" class=\"col-md-12\"><h1 data-v-d9a29b7e=\"\" class=\"py-3\">Bolagsverkets registreringar</h1><h2 data-v-d9a29b7e=\"\" class=\"d-md-inline py-1 me-md-3\">Aktiebolagsregistret</h2><h3 data-v-d9a29b7e=\"\" class=\"mt-3\">Nyregistreringar</h3></div></div><form data-v-d9a29b7e=\"\" class=\"\"><div data-v-d9a29b7e=\"\" class=\"row\"><div data-v-d9a29b7e=\"\" class=\"col-12 col-lg-10 col-xl-8 pt-4\"><div data-v-d9a29b7e=\"\" class=\"row\"><div data-v-d9a29b7e=\"\" class=\"col-md-4\"><p data-v-d9a29b7e=\"\" class=\"label\">Namn/fastighetsbeteckning</p></div><div data-v-d9a29b7e=\"\" class=\"col-md-8\"><p data-v-d9a29b7e=\"\" id=\"fysjur\">M. Tuolja AB, <span data-v-d9a29b7e=\"\" class=\"nowrap\">559563-0293</span></p></div></div><div data-v-d9a29b7e=\"\" class=\"row\"><div data-v-d9a29b7e=\"\" class=\"col-md-4\"><p data-v-d9a29b7e=\"\" class=\"label\">Registreringsdatum</p></div><div data-v-d9a29b7e=\"\" class=\"col-md-8\"><p data-v-d9a29b7e=\"\" id=\"datum\">2025-12-16</p></div></div><div data-v-d9a29b7e=\"\" class=\"row\"><div data-v-d9a29b7e=\"\" class=\"col-md-4\"><p data-v-d9a29b7e=\"\" class=\"label\">Län</p></div><div data-v-d9a29b7e=\"\" class=\"col-md-8\"><p data-v-d9a29b7e=\"\" id=\"lan\">Norrbottens län</p></div></div><div data-v-d9a29b7e=\"\" class=\"row\"><div data-v-d9a29b7e=\"\" class=\"col-md-4\"><p data-v-d9a29b7e=\"\" class=\"label\">Publiceringsdatum</p></div><div data-v-d9a29b7e=\"\" class=\"col-md-8\"><p data-v-d9a29b7e=\"\" id=\"publiceringsdatum\">2025-12-18</p></div></div><div data-v-d9a29b7e=\"\" class=\"row\"><div data-v-d9a29b7e=\"\" class=\"col-md-4\"><p data-v-d9a29b7e=\"\" class=\"label\">Kungörelse-id</p></div><div data-v-d9a29b7e=\"\" class=\"col-md-8\"><p data-v-d9a29b7e=\"\" id=\"kungorelseid\">K965090/25</p></div></div><div data-v-d9a29b7e=\"\" class=\"row\"><div data-v-d9a29b7e=\"\" class=\"col-md-4\"><p data-v-d9a29b7e=\"\" class=\"label\">Uppgiftslämnare</p></div><div data-v-d9a29b7e=\"\" class=\"col-md-8\"><p data-v-d9a29b7e=\"\" id=\"kund\">Bolagsverket</p></div></div></div><div data-v-d9a29b7e=\"\" class=\"col-12\"><div data-v-d9a29b7e=\"\" class=\"mt-3\"><div data-v-d9a29b7e=\"\" class=\"infobox p-4 border blv-border-light bg-white\"><h4 data-v-d9a29b7e=\"\">Kungörelsetext</h4><div data-v-d9a29b7e=\"\"><b>Org nr:</b> 559563-0293 <br><b>Företagsnamn:</b> M. Tuolja AB <br><b>Säte:</b> Jokkmokk <br><b>Postadress:</b> Skabramgatan 12, 962 33 JOKKMOKK, <br><b>E-post:</b> mattiastuolja@hotmail.se <br><b>Typ:</b> Privat aktiebolag <br><b>Bildat:</b> 2025-11-28 <br><b>Verksamhet:</b> Aktiebolaget ska äga och förvalta fast och lös egendom samt idka därmed förenlig verksamhet. <br><b>Räkenskapsår:</b> 0101 - 1231 <br><b>Aktiekapital:</b> 25.000 SEK Lägst: 25.000 SEK Högst: 100.000 SEK Antal aktier: 500. Lägst: 500. Högst: 2.000. <br><b>Kallelse:</b> Kallelse sker genom e-post. Aktiebolaget får hålla stämmor digitalt. <br><b>Föreskrift om antal styrelseledamöter/styrelsesuppleanter:</b> Lägst antal ordinarie ledamöter:   1, högst antal ordinarie ledamöter:  10. Lägst antal suppleanter:   1, högst antal suppleanter:  10. <br><b>Förbehåll/avvikelser/villkor:</b> Bestämmelse att företaget inte behöver ha revisor. <br><b>Styrelseledamöter:</b> 19880307-9030 Tuolja, Lars Mattias, SKABRAMGATAN 12, 962 33 JOKKMOKK, <br><b>Styrelsesuppleanter:</b> 19930421-4381 Lyngman Gælok, Lisa Lucia, SKABRAMGATAN 12, 962 33 JOKKMOKK, <br><b>Firmateckning:</b> Firman tecknas av styrelsen</div></div></div></div></div><div data-v-d9a29b7e=\"\" class=\"row\"><div data-v-d9a29b7e=\"\" class=\"col\"><hr data-v-d9a29b7e=\"\"></div></div><div data-v-d9a29b7e=\"\" class=\"d-flex mb-2\"><div data-v-d9a29b7e=\"\"><button data-v-d9a29b7e=\"\" type=\"button\" class=\"btn btn-link\">« Tillbaka</button></div><div data-v-d9a29b7e=\"\"><button data-v-d9a29b7e=\"\" type=\"button\" class=\"btn blv-color btn-primary ms-2\">Skriv ut</button></div></div><div data-v-d9a29b7e=\"\" class=\"d-flex mt-2 mb-2\"><!----></div></form></div></div></div>",
  "timestamp": "2025-12-18T13:46:47.725Z",
  "title": "Kungörelse | Post- och Inrikes Tidningar (PoIT) - Bolagsverket",
  "_instanceId": "4cp1kd6m"
}