{
  "data": [
    {
      "kungorelseid": "K965178/25",
      "kungorelsetyp": "Aktiebolagsregistret",
      "namn": "SELLAND Miljökonsult AB",
      "personOrgnummer": "",
      "publiceringsdatum": "2025-12-18",
      "uppgiftslamnare": "Bolagsverket"
    },
    {
      "kungorelseid": "K965184/25",
      "kungorelsetyp": "Aktiebolagsregistret",
      "namn": "Kåwemark Maskin & Service AB",
      "personOrgnummer": "",
      "publiceringsdatum": "2025-12-18",
      "uppgiftslamnare": "Bolagsverket"
    },
    {
      "kungorelseid": "K964278/25",
      "kungorelsetyp": "Aktiebolagsregistret",
      "namn": "Gradyon AB",
      "personOrgnummer": "",
      "publiceringsdatum": "2025-12-18",
      "uppgiftslamnare": "Bolagsverket"
    },
    {
      "kungorelseid": "K964897/25",
      "kungorelsetyp": "Aktiebolagsregistret",
      "namn": "Stellar Ally AB",
      "personOrgnummer": "",
      "publiceringsdatum": "2025-12-18",
      "uppgiftslamnare": "Bolagsverket"
    },
    {
      "kungorelseid": "K965088/25",
      "kungorelsetyp": "Aktiebolagsregistret",
      "namn": "Wrangensten Gastronomi AB",
      "personOrgnummer": "",
      "publiceringsdatum": "2025-12-18",
      "uppgiftslamnare": "Bolagsverket"
    },
    {
      "kungorelseid": "K965090/25",
      "kungorelsetyp": "Aktiebolagsregistret",
      "namn": "M. Tuolja AB",
      "personOrgnummer": "",
      "publiceringsdatum": "2025-12-18",
      "uppgiftslamnare": "Bolagsverket"
    },
    {
      "kungorelseid": "K965190/25",
      "kungorelsetyp": "Aktiebolagsregistret",
      "namn": "JERFEL AB",
      "personOrgnummer": "",
      "publiceringsdatum": "2025-12-18",
      "uppgiftslamnare": "Bolagsverket"
    },
    {
      "kungorelseid": "K964293/25",
      "kungorelsetyp": "Aktiebolagsregistret",
      "namn": "Janodan AB",
      "personOrgnummer": "",
      "publiceringsdatum": "2025-12-18",
      "uppgiftslamnare": "Bolagsverket"
    },
    {
      "kungorelseid": "K965093/25",
      "kungorelsetyp": "Aktiebolagsregistret",
      "namn": "Skaw Hullcleaning AB",
      "personOrgnummer": "",
      "publiceringsdatum": "2025-12-18",
      "uppgiftslamnare": "Bolagsverket"
    },
    {
      "kungorelseid": "K965095/25",
      "kungorelsetyp": "Aktiebolagsregistret",
      "namn": "KMJ Partner AB",
      "personOrgnummer": "",
      "publiceringsdatum": "2025-12-18",
      "uppgiftslamnare": "Bolagsverket"
    },
    {
      "kungorelseid": "K965193/25",
      "kungorelsetyp": "Aktiebolagsregistret",
      "namn": "RPN Invest AB",
      "personOrgnummer": "",
      "publiceringsdatum": "2025-12-18",
      "uppgiftslamnare": "Bolagsverket"
    },
    {
      "kungorelseid": "K965195/25",
      "kungorelsetyp": "Aktiebolagsregistret",
      "namn": "Johan Goot AB",
      "personOrgnummer": "",
      "publiceringsdatum": "2025-12-18",
      "uppgiftslamnare": "Bolagsverket"
    },
    {
      "kungorelseid": "K964928/25",
      "kungorelsetyp": "Aktiebolagsregistret",
      "namn": "HJ Maskintjänst i Strömsund AB",
      "personOrgnummer": "",
      "publiceringsdatum": "2025-12-18",
      "uppgiftslamnare": "Bolagsverket"
    },
    {
      "kungorelseid": "K964933/25",
      "kungorelsetyp": "Aktiebolagsregistret",
      "namn": "MAVV Hansson Invest AB",
      "personOrgnummer": "",
      "publiceringsdatum": "2025-12-18",
      "uppgiftslamnare": "Bolagsverket"
    },
    {
      "kungorelseid": "K965099/25",
      "kungorelsetyp": "Aktiebolagsregistret",
      "namn": "Havslyckan i Helsingborg AB",
      "personOrgnummer": "",
      "publiceringsdatum": "2025-12-18",
      "uppgiftslamnare": "Bolagsverket"
    },
    {
      "kungorelseid": "K965103/25",
      "kungorelsetyp": "Aktiebolagsregistret",
      "namn": "Fridlunds Rental AB",
      "personOrgnummer": "",
      "publiceringsdatum": "2025-12-18",
      "uppgiftslamnare": "Bolagsverket"
    },
    {
      "kungorelseid": "K965200/25",
      "kungorelsetyp": "Aktiebolagsregistret",
      "namn": "Emma Boberg AB",
      "personOrgnummer": "",
      "publiceringsdatum": "2025-12-18",
      "uppgiftslamnare": "Bolagsverket"
    },
    {
      "kungorelseid": "K964329/25",
      "kungorelsetyp": "Aktiebolagsregistret",
      "namn": "Thörner Däck AB",
      "personOrgnummer": "",
      "publiceringsdatum": "2025-12-18",
      "uppgiftslamnare": "Bolagsverket"
    },
    {
      "kungorelseid": "K964937/25",
      "kungorelsetyp": "Aktiebolagsregistret",
      "namn": "Psykologfirman Förstå och Förändra Göteborg AB",
      "personOrgnummer": "",
      "publiceringsdatum": "2025-12-18",
      "uppgiftslamnare": "Bolagsverket"
    },
    {
      "kungorelseid": "K965110/25",
      "kungorelsetyp": "Aktiebolagsregistret",
      "namn": "Svahnligt AB",
      "personOrgnummer": "",
      "publiceringsdatum": "2025-12-18",
      "uppgiftslamnare": "Bolagsverket"
    },
    {
      "kungorelseid": "K965202/25",
      "kungorelsetyp": "Aktiebolagsregistret",
      "namn": "Klausea AB",
      "personOrgnummer": "",
      "publiceringsdatum": "2025-12-18",
      "uppgiftslamnare": "Bolagsverket"
    },
    {
      "kungorelseid": "K964349/25",
      "kungorelsetyp": "Aktiebolagsregistret",
      "namn": "M.Ström förvaltning AB",
      "personOrgnummer": "",
      "publiceringsdatum": "2025-12-18",
      "uppgiftslamnare": "Bolagsverket"
    },
    {
      "kungorelseid": "K964950/25",
      "kungorelsetyp": "Aktiebolagsregistret",
      "namn": "OP Box & Fitness AB",
      "personOrgnummer": "",
      "publiceringsdatum": "2025-12-18",
      "uppgiftslamnare": "Bolagsverket"
    },
    {
      "kungorelseid": "K965112/25",
      "kungorelsetyp": "Aktiebolagsregistret",
      "namn": "Shenouda Group AB",
      "personOrgnummer": "",
      "publiceringsdatum": "2025-12-18",
      "uppgiftslamnare": "Bolagsverket"
    },
    {
      "kungorelseid": "K965117/25",
      "kungorelsetyp": "Aktiebolagsregistret",
      "namn": "Roger Byggtjänst AB",
      "personOrgnummer": "",
      "publiceringsdatum": "2025-12-18",
      "uppgiftslamnare": "Bolagsverket"
    },
    {
      "kungorelseid": "K967257/25",
      "kungorelsetyp": "Aktiebolagsregistret",
      "namn": "NorrGuldet 833 AB",
      "personOrgnummer": "",
      "publiceringsdatum": "2025-12-18",
      "uppgiftslamnare": "Bolagsverket"
    },
    {
      "kungorelseid": "K965207/25",
      "kungorelsetyp": "Aktiebolagsregistret",
      "namn": "Totalklimat i Sverige AB",
      "personOrgnummer": "",
      "publiceringsdatum": "2025-12-18",
      "uppgiftslamnare": "Bolagsverket"
    },
    {
      "kungorelseid": "K965210/25",
      "kungorelsetyp": "Aktiebolagsregistret",
      "namn": "Pelcando Productions AB",
      "personOrgnummer": "",
      "publiceringsdatum": "2025-12-18",
      "uppgiftslamnare": "Bolagsverket"
    },
    {
      "kungorelseid": "K965123/25",
      "kungorelsetyp": "Aktiebolagsregistret",
      "namn": "Sarvien Environment Transformation AB",
      "personOrgnummer": "",
      "publiceringsdatum": "2025-12-18",
      "uppgiftslamnare": "Bolagsverket"
    },
    {
      "kungorelseid": "K964702/25",
      "kungorelsetyp": "Aktiebolagsregistret",
      "namn": "Tobak24 i Örebro AB",
      "personOrgnummer": "",
      "publiceringsdatum": "2025-12-18",
      "uppgiftslamnare": "Bolagsverket"
    },
    {
      "kungorelseid": "K964998/25",
      "kungorelsetyp": "Aktiebolagsregistret",
      "namn": "Emma Zäll AB",
      "personOrgnummer": "",
      "publiceringsdatum": "2025-12-18",
      "uppgiftslamnare": "Bolagsverket"
    },
    {
      "kungorelseid": "K965007/25",
      "kungorelsetyp": "Aktiebolagsregistret",
      "namn": "Forma Agency AB",
      "personOrgnummer": "",
      "publiceringsdatum": "2025-12-18",
      "uppgiftslamnare": "Bolagsverket"
    },
    {
      "kungorelseid": "K965144/25",
      "kungorelsetyp": "Aktiebolagsregistret",
      "namn": "LEBY Småland AB",
      "personOrgnummer": "",
      "publiceringsdatum": "2025-12-18",
      "uppgiftslamnare": "Bolagsverket"
    },
    {
      "kungorelseid": "K965223/25",
      "kungorelsetyp": "Aktiebolagsregistret",
      "namn": "formromantik AB",
      "personOrgnummer": "",
      "publiceringsdatum": "2025-12-18",
      "uppgiftslamnare": "Bolagsverket"
    },
    {
      "kungorelseid": "K965227/25",
      "kungorelsetyp": "Aktiebolagsregistret",
      "namn": "Korean Army Stew AB",
      "personOrgnummer": "",
      "publiceringsdatum": "2025-12-18",
      "uppgiftslamnare": "Bolagsverket"
    },
    {
      "kungorelseid": "K964427/25",
      "kungorelsetyp": "Aktiebolagsregistret",
      "namn": "S2CON AB",
      "personOrgnummer": "",
      "publiceringsdatum": "2025-12-18",
      "uppgiftslamnare": "Bolagsverket"
    },
    {
      "kungorelseid": "K965018/25",
      "kungorelsetyp": "Aktiebolagsregistret",
      "namn": "ViktigaStunder AB",
      "personOrgnummer": "",
      "publiceringsdatum": "2025-12-18",
      "uppgiftslamnare": "Bolagsverket"
    },
    {
      "kungorelseid": "K965021/25",
      "kungorelsetyp": "Aktiebolagsregistret",
      "namn": "Brookite Logistics Value Fund V AB",
      "personOrgnummer": "",
      "publiceringsdatum": "2025-12-18",
      "uppgiftslamnare": "Bolagsverket"
    },
    {
      "kungorelseid": "K966730/25",
      "kungorelsetyp": "Aktiebolagsregistret",
      "namn": "VPR se 3400 AB",
      "personOrgnummer": "",
      "publiceringsdatum": "2025-12-18",
      "uppgiftslamnare": "Bolagsverket"
    },
    {
      "kungorelseid": "K967053/25",
      "kungorelsetyp": "Aktiebolagsregistret",
      "namn": "Calico nr 12181 Aktiebolag",
      "personOrgnummer": "",
      "publiceringsdatum": "2025-12-18",
      "uppgiftslamnare": "Bolagsverket"
    },
    {
      "kungorelseid": "K965148/25",
      "kungorelsetyp": "Aktiebolagsregistret",
      "namn": "RB Advisory AB",
      "personOrgnummer": "",
      "publiceringsdatum": "2025-12-18",
      "uppgiftslamnare": "Bolagsverket"
    },
    {
      "kungorelseid": "K965231/25",
      "kungorelsetyp": "Aktiebolagsregistret",
      "namn": "HTMK Fordon AB",
      "personOrgnummer": "",
      "publiceringsdatum": "2025-12-18",
      "uppgiftslamnare": "Bolagsverket"
    },
    {
      "kungorelseid": "K965235/25",
      "kungorelsetyp": "Aktiebolagsregistret",
      "namn": "Acka Acka Botto AB",
      "personOrgnummer": "",
      "publiceringsdatum": "2025-12-18",
      "uppgiftslamnare": "Bolagsverket"
    },
    {
      "kungorelseid": "K964431/25",
      "kungorelsetyp": "Aktiebolagsregistret",
      "namn": "Autocon Industriteknik AB",
      "personOrgnummer": "",
      "publiceringsdatum": "2025-12-18",
      "uppgiftslamnare": "Bolagsverket"
    },
    {
      "kungorelseid": "K964734/25",
      "kungorelsetyp": "Aktiebolagsregistret",
      "namn": "Emico AB",
      "personOrgnummer": "",
      "publiceringsdatum": "2025-12-18",
      "uppgiftslamnare": "Bolagsverket"
    },
    {
      "kungorelseid": "K965027/25",
      "kungorelsetyp": "Aktiebolagsregistret",
      "namn": "Dvig AB",
      "personOrgnummer": "",
      "publiceringsdatum": "2025-12-18",
      "uppgiftslamnare": "Bolagsverket"
    },
    {
      "kungorelseid": "K965035/25",
      "kungorelsetyp": "Aktiebolagsregistret",
      "namn": "Fastighetsbolaget Lidhemsgatan 10 - 12 AB",
      "personOrgnummer": "",
      "publiceringsdatum": "2025-12-18",
      "uppgiftslamnare": "Bolagsverket"
    },
    {
      "kungorelseid": "K964142/25",
      "kungorelsetyp": "Aktiebolagsregistret",
      "namn": "Freeside Capital AB",
      "personOrgnummer": "",
      "publiceringsdatum": "2025-12-18",
      "uppgiftslamnare": "Bolagsverket"
    },
    {
      "kungorelseid": "K964482/25",
      "kungorelsetyp": "Aktiebolagsregistret",
      "namn": "Billdals Partners AB",
      "personOrgnummer": "",
      "publiceringsdatum": "2025-12-18",
      "uppgiftslamnare": "Bolagsverket"
    },
    {
      "kungorelseid": "K965037/25",
      "kungorelsetyp": "Aktiebolagsregistret",
      "namn": "Cafe Drömmen AB",
      "personOrgnummer": "",
      "publiceringsdatum": "2025-12-18",
      "uppgiftslamnare": "Bolagsverket"
    },
    {
      "kungorelseid": "K965046/25",
      "kungorelsetyp": "Aktiebolagsregistret",
      "namn": "TM Vitalis AB",
      "personOrgnummer": "",
      "publiceringsdatum": "2025-12-18",
      "uppgiftslamnare": "Bolagsverket"
    },
    {
      "kungorelseid": "K965052/25",
      "kungorelsetyp": "Aktiebolagsregistret",
      "namn": "Albin Nilsson fastighetsförmedling och lantbruk AB",
      "personOrgnummer": "",
      "publiceringsdatum": "2025-12-18",
      "uppgiftslamnare": "Bolagsverket"
    },
    {
      "kungorelseid": "K965060/25",
      "kungorelsetyp": "Aktiebolagsregistret",
      "namn": "FREAMAR AB",
      "personOrgnummer": "",
      "publiceringsdatum": "2025-12-18",
      "uppgiftslamnare": "Bolagsverket"
    },
    {
      "kungorelseid": "K965072/25",
      "kungorelsetyp": "Aktiebolagsregistret",
      "namn": "MedMusicMinistry AB",
      "personOrgnummer": "",
      "publiceringsdatum": "2025-12-18",
      "uppgiftslamnare": "Bolagsverket"
    },
    {
      "kungorelseid": "K966817/25",
      "kungorelsetyp": "Aktiebolagsregistret",
      "namn": "Wint Startup 2261 AB",
      "personOrgnummer": "",
      "publiceringsdatum": "2025-12-18",
      "uppgiftslamnare": "Bolagsverket"
    },
    {
      "kungorelseid": "K964189/25",
      "kungorelsetyp": "Aktiebolagsregistret",
      "namn": "Smillova AB",
      "personOrgnummer": "",
      "publiceringsdatum": "2025-12-18",
      "uppgiftslamnare": "Bolagsverket"
    },
    {
      "kungorelseid": "K965063/25",
      "kungorelsetyp": "Aktiebolagsregistret",
      "namn": "Duka Fint i Sollentuna AB",
      "personOrgnummer": "",
      "publiceringsdatum": "2025-12-18",
      "uppgiftslamnare": "Bolagsverket"
    },
    {
      "kungorelseid": "K965153/25",
      "kungorelsetyp": "Aktiebolagsregistret",
      "namn": "Itelope AB",
      "personOrgnummer": "",
      "publiceringsdatum": "2025-12-18",
      "uppgiftslamnare": "Bolagsverket"
    },
    {
      "kungorelseid": "K964217/25",
      "kungorelsetyp": "Aktiebolagsregistret",
      "namn": "SpaceX Sweden AB",
      "personOrgnummer": "",
      "publiceringsdatum": "2025-12-18",
      "uppgiftslamnare": "Bolagsverket"
    },
    {
      "kungorelseid": "K964544/25",
      "kungorelsetyp": "Aktiebolagsregistret",
      "namn": "Stridh Group AB",
      "personOrgnummer": "",
      "publiceringsdatum": "2025-12-18",
      "uppgiftslamnare": "Bolagsverket"
    },
    {
      "kungorelseid": "K965067/25",
      "kungorelsetyp": "Aktiebolagsregistret",
      "namn": "Lillebo EL & Automation I Harplinge AB",
      "personOrgnummer": "",
      "publiceringsdatum": "2025-12-18",
      "uppgiftslamnare": "Bolagsverket"
    },
    {
      "kungorelseid": "K965075/25",
      "kungorelsetyp": "Aktiebolagsregistret",
      "namn": "Beprfct AB",
      "personOrgnummer": "",
      "publiceringsdatum": "2025-12-18",
      "uppgiftslamnare": "Bolagsverket"
    },
    {
      "kungorelseid": "K965077/25",
      "kungorelsetyp": "Aktiebolagsregistret",
      "namn": "Gus Education AB",
      "personOrgnummer": "",
      "publiceringsdatum": "2025-12-18",
      "uppgiftslamnare": "Bolagsverket"
    },
    {
      "kungorelseid": "K965080/25",
      "kungorelsetyp": "Aktiebolagsregistret",
      "namn": "AutoTech By Sikström AB",
      "personOrgnummer": "",
      "publiceringsdatum": "2025-12-18",
      "uppgiftslamnare": "Bolagsverket"
    },
    {
      "kungorelseid": "K965164/25",
      "kungorelsetyp": "Aktiebolagsregistret",
      "namn": "Flooded Labs AB",
      "personOrgnummer": "",
      "publiceringsdatum": "2025-12-18",
      "uppgiftslamnare": "Bolagsverket"
    },
    {
      "kungorelseid": "K964570/25",
      "kungorelsetyp": "Aktiebolagsregistret",
      "namn": "JBK System AB",
      "personOrgnummer": "",
      "publiceringsdatum": "2025-12-18",
      "uppgiftslamnare": "Bolagsverket"
    },
    {
      "kungorelseid": "K964865/25",
      "kungorelsetyp": "Aktiebolagsregistret",
      "namn": "Skepp Invest AB",
      "personOrgnummer": "",
      "publiceringsdatum": "2025-12-18",
      "uppgiftslamnare": "Bolagsverket"
    },
    {
      "kungorelseid": "K965082/25",
      "kungorelsetyp": "Aktiebolagsregistret",
      "namn": "Wasser Group AB",
      "personOrgnummer": "",
      "publiceringsdatum": "2025-12-18",
      "uppgiftslamnare": "Bolagsverket"
    },
    {
      "kungorelseid": "K965086/25",
      "kungorelsetyp": "Aktiebolagsregistret",
      "namn": "Pers Gröna Rum AB",
      "personOrgnummer": "",
      "publiceringsdatum": "2025-12-18",
      "uppgiftslamnare": "Bolagsverket"
    },
    {
      "kungorelseid": "K965647/25",
      "kungorelsetyp": "Aktiebolagsregistret",
      "namn": "Gutebo 3 AB",
      "personOrgnummer": "",
      "publiceringsdatum": "2025-12-18",
      "uppgiftslamnare": "Bolagsverket"
    },
    {
      "kungorelseid": "K964426/25",
      "kungorelsetyp": "Aktiebolagsregistret",
      "namn": "Mama Rosa AB",
      "personOrgnummer": "",
      "publiceringsdatum": "2025-12-18",
      "uppgiftslamnare": "Bolagsverket"
    },
    {
      "kungorelseid": "K964994/25",
      "kungorelsetyp": "Aktiebolagsregistret",
      "namn": "ADLD AB",
      "personOrgnummer": "",
      "publiceringsdatum": "2025-12-18",
      "uppgiftslamnare": "Bolagsverket"
    },
    {
      "kungorelseid": "K964999/25",
      "kungorelsetyp": "Aktiebolagsregistret",
      "namn": "Anskar AB",
      "personOrgnummer": "",
      "publiceringsdatum": "2025-12-18",
      "uppgiftslamnare": "Bolagsverket"
    },
    {
      "kungorelseid": "K965100/25",
      "kungorelsetyp": "Aktiebolagsregistret",
      "namn": "Alivia Invest II AB",
      "personOrgnummer": "",
      "publiceringsdatum": "2025-12-18",
      "uppgiftslamnare": "Bolagsverket"
    },
    {
      "kungorelseid": "K965102/25",
      "kungorelsetyp": "Aktiebolagsregistret",
      "namn": "Ketecs AB",
      "personOrgnummer": "",
      "publiceringsdatum": "2025-12-18",
      "uppgiftslamnare": "Bolagsverket"
    },
    {
      "kungorelseid": "K965224/25",
      "kungorelsetyp": "Aktiebolagsregistret",
      "namn": "Degner Solution AB",
      "personOrgnummer": "",
      "publiceringsdatum": "2025-12-18",
      "uppgiftslamnare": "Bolagsverket"
    },
    {
      "kungorelseid": "K964792/25",
      "kungorelsetyp": "Aktiebolagsregistret",
      "namn": "QualiQ Solutions AB",
      "personOrgnummer": "",
      "publiceringsdatum": "2025-12-18",
      "uppgiftslamnare": "Bolagsverket"
    },
    {
      "kungorelseid": "K965006/25",
      "kungorelsetyp": "Aktiebolagsregistret",
      "namn": "NRK Service AB",
      "personOrgnummer": "",
      "publiceringsdatum": "2025-12-18",
      "uppgiftslamnare": "Bolagsverket"
    },
    {
      "kungorelseid": "K965008/25",
      "kungorelsetyp": "Aktiebolagsregistret",
      "namn": "Shapeofa AB",
      "personOrgnummer": "",
      "publiceringsdatum": "2025-12-18",
      "uppgiftslamnare": "Bolagsverket"
    },
    {
      "kungorelseid": "K965107/25",
      "kungorelsetyp": "Aktiebolagsregistret",
      "namn": "Elvisp AB",
      "personOrgnummer": "",
      "publiceringsdatum": "2025-12-18",
      "uppgiftslamnare": "Bolagsverket"
    },
    {
      "kungorelseid": "K965111/25",
      "kungorelsetyp": "Aktiebolagsregistret",
      "namn": "JS Suvanto AB",
      "personOrgnummer": "",
      "publiceringsdatum": "2025-12-18",
      "uppgiftslamnare": "Bolagsverket"
    },
    {
      "kungorelseid": "K965226/25",
      "kungorelsetyp": "Aktiebolagsregistret",
      "namn": "Haldorved Invest AB",
      "personOrgnummer": "",
      "publiceringsdatum": "2025-12-18",
      "uppgiftslamnare": "Bolagsverket"
    },
    {
      "kungorelseid": "K965228/25",
      "kungorelsetyp": "Aktiebolagsregistret",
      "namn": "Wiklunds Fastigheter Hedemora AB",
      "personOrgnummer": "",
      "publiceringsdatum": "2025-12-18",
      "uppgiftslamnare": "Bolagsverket"
    },
    {
      "kungorelseid": "K964127/25",
      "kungorelsetyp": "Aktiebolagsregistret",
      "namn": "Meripa projekt AB",
      "personOrgnummer": "",
      "publiceringsdatum": "2025-12-18",
      "uppgiftslamnare": "Bolagsverket"
    },
    {
      "kungorelseid": "K964471/25",
      "kungorelsetyp": "Aktiebolagsregistret",
      "namn": "Franskan AB",
      "personOrgnummer": "",
      "publiceringsdatum": "2025-12-18",
      "uppgiftslamnare": "Bolagsverket"
    },
    {
      "kungorelseid": "K964800/25",
      "kungorelsetyp": "Aktiebolagsregistret",
      "namn": "Sjöberg Natur & Miljö AB",
      "personOrgnummer": "",
      "publiceringsdatum": "2025-12-18",
      "uppgiftslamnare": "Bolagsverket"
    },
    {
      "kungorelseid": "K965020/25",
      "kungorelsetyp": "Aktiebolagsregistret",
      "namn": "Helion Packaging AB",
      "personOrgnummer": "",
      "publiceringsdatum": "2025-12-18",
      "uppgiftslamnare": "Bolagsverket"
    },
    {
      "kungorelseid": "K965113/25",
      "kungorelsetyp": "Aktiebolagsregistret",
      "namn": "The Rebellion coach AB",
      "personOrgnummer": "",
      "publiceringsdatum": "2025-12-18",
      "uppgiftslamnare": "Bolagsverket"
    },
    {
      "kungorelseid": "K965124/25",
      "kungorelsetyp": "Aktiebolagsregistret",
      "namn": "GeoSyntra AB",
      "personOrgnummer": "",
      "publiceringsdatum": "2025-12-18",
      "uppgiftslamnare": "Bolagsverket"
    },
    {
      "kungorelseid": "K965230/25",
      "kungorelsetyp": "Aktiebolagsregistret",
      "namn": "SWE-EX Entreprenad AB",
      "personOrgnummer": "",
      "publiceringsdatum": "2025-12-18",
      "uppgiftslamnare": "Bolagsverket"
    },
    {
      "kungorelseid": "K964141/25",
      "kungorelsetyp": "Aktiebolagsregistret",
      "namn": "Iveron Technology AB",
      "personOrgnummer": "",
      "publiceringsdatum": "2025-12-18",
      "uppgiftslamnare": "Bolagsverket"
    },
    {
      "kungorelseid": "K964484/25",
      "kungorelsetyp": "Aktiebolagsregistret",
      "namn": "Nutrionix AB",
      "personOrgnummer": "",
      "publiceringsdatum": "2025-12-18",
      "uppgiftslamnare": "Bolagsverket"
    },
    {
      "kungorelseid": "K964495/25",
      "kungorelsetyp": "Aktiebolagsregistret",
      "namn": "Find Your Flow AB",
      "personOrgnummer": "",
      "publiceringsdatum": "2025-12-18",
      "uppgiftslamnare": "Bolagsverket"
    },
    {
      "kungorelseid": "K965036/25",
      "kungorelsetyp": "Aktiebolagsregistret",
      "namn": "E/K Billackering AB",
      "personOrgnummer": "",
      "publiceringsdatum": "2025-12-18",
      "uppgiftslamnare": "Bolagsverket"
    },
    {
      "kungorelseid": "K965038/25",
      "kungorelsetyp": "Aktiebolagsregistret",
      "namn": "EastWing AB",
      "personOrgnummer": "",
      "publiceringsdatum": "2025-12-18",
      "uppgiftslamnare": "Bolagsverket"
    },
    {
      "kungorelseid": "K965149/25",
      "kungorelsetyp": "Aktiebolagsregistret",
      "namn": "Lindas Klippstuga Valbo AB",
      "personOrgnummer": "",
      "publiceringsdatum": "2025-12-18",
      "uppgiftslamnare": "Bolagsverket"
    },
    {
      "kungorelseid": "K965152/25",
      "kungorelsetyp": "Aktiebolagsregistret",
      "namn": "Nordic HardNose AB",
      "personOrgnummer": "",
      "publiceringsdatum": "2025-12-18",
      "uppgiftslamnare": "Bolagsverket"
    },
    {
      "kungorelseid": "K964197/25",
      "kungorelsetyp": "Aktiebolagsregistret",
      "namn": "Fritzén Lärande utveckling AB",
      "personOrgnummer": "",
      "publiceringsdatum": "2025-12-18",
      "uppgiftslamnare": "Bolagsverket"
    },
    {
      "kungorelseid": "K964518/25",
      "kungorelsetyp": "Aktiebolagsregistret",
      "namn": "GPP Consulting AB",
      "personOrgnummer": "",
      "publiceringsdatum": "2025-12-18",
      "uppgiftslamnare": "Bolagsverket"
    },
    {
      "kungorelseid": "K965045/25",
      "kungorelsetyp": "Aktiebolagsregistret",
      "namn": "Linköping Plattsättning Förvaltning AB",
      "personOrgnummer": "",
      "publiceringsdatum": "2025-12-18",
      "uppgiftslamnare": "Bolagsverket"
    },
    {
      "kungorelseid": "K965157/25",
      "kungorelsetyp": "Aktiebolagsregistret",
      "namn": "Advokat Sabina Fernandez AB",
      "personOrgnummer": "",
      "publiceringsdatum": "2025-12-18",
      "uppgiftslamnare": "Bolagsverket"
    },
    {
      "kungorelseid": "K964220/25",
      "kungorelsetyp": "Aktiebolagsregistret",
      "namn": "SKEF Konsult AB",
      "personOrgnummer": "",
      "publiceringsdatum": "2025-12-18",
      "uppgiftslamnare": "Bolagsverket"
    },
    {
      "kungorelseid": "K964866/25",
      "kungorelsetyp": "Aktiebolagsregistret",
      "namn": "Driftsäker Kompetens i Motala AB",
      "personOrgnummer": "",
      "publiceringsdatum": "2025-12-18",
      "uppgiftslamnare": "Bolagsverket"
    },
    {
      "kungorelseid": "K965047/25",
      "kungorelsetyp": "Aktiebolagsregistret",
      "namn": "Daltoppen AB",
      "personOrgnummer": "",
      "publiceringsdatum": "2025-12-18",
      "uppgiftslamnare": "Bolagsverket"
    },
    {
      "kungorelseid": "K965050/25",
      "kungorelsetyp": "Aktiebolagsregistret",
      "namn": "JM BBQ AB",
      "personOrgnummer": "",
      "publiceringsdatum": "2025-12-18",
      "uppgiftslamnare": "Bolagsverket"
    },
    {
      "kungorelseid": "K965159/25",
      "kungorelsetyp": "Aktiebolagsregistret",
      "namn": "Lusitania Nordic Partners Aktiebolag",
      "personOrgnummer": "",
      "publiceringsdatum": "2025-12-18",
      "uppgiftslamnare": "Bolagsverket"
    },
    {
      "kungorelseid": "K965163/25",
      "kungorelsetyp": "Aktiebolagsregistret",
      "namn": "White Rock Innovation AB",
      "personOrgnummer": "",
      "publiceringsdatum": "2025-12-18",
      "uppgiftslamnare": "Bolagsverket"
    },
    {
      "kungorelseid": "K964228/25",
      "kungorelsetyp": "Aktiebolagsregistret",
      "namn": "Adastiq AB",
      "personOrgnummer": "",
      "publiceringsdatum": "2025-12-18",
      "uppgiftslamnare": "Bolagsverket"
    },
    {
      "kungorelseid": "K964558/25",
      "kungorelsetyp": "Aktiebolagsregistret",
      "namn": "Sana Adem Consulting AB",
      "personOrgnummer": "",
      "publiceringsdatum": "2025-12-18",
      "uppgiftslamnare": "Bolagsverket"
    },
    {
      "kungorelseid": "K965054/25",
      "kungorelsetyp": "Aktiebolagsregistret",
      "namn": "Nordingrå Skogs- & Trädgårdsservice AB",
      "personOrgnummer": "",
      "publiceringsdatum": "2025-12-18",
      "uppgiftslamnare": "Bolagsverket"
    },
    {
      "kungorelseid": "K965167/25",
      "kungorelsetyp": "Aktiebolagsregistret",
      "namn": "VanZen Consulting AB",
      "personOrgnummer": "",
      "publiceringsdatum": "2025-12-18",
      "uppgiftslamnare": "Bolagsverket"
    },
    {
      "kungorelseid": "K964885/25",
      "kungorelsetyp": "Aktiebolagsregistret",
      "namn": "DAGMAR bygg AB",
      "personOrgnummer": "",
      "publiceringsdatum": "2025-12-18",
      "uppgiftslamnare": "Bolagsverket"
    },
    {
      "kungorelseid": "K965058/25",
      "kungorelsetyp": "Aktiebolagsregistret",
      "namn": "Kåvra Projektledning AB",
      "personOrgnummer": "",
      "publiceringsdatum": "2025-12-18",
      "uppgiftslamnare": "Bolagsverket"
    },
    {
      "kungorelseid": "K965170/25",
      "kungorelsetyp": "Aktiebolagsregistret",
      "namn": "Viggen Studio AB",
      "personOrgnummer": "",
      "publiceringsdatum": "2025-12-18",
      "uppgiftslamnare": "Bolagsverket"
    },
    {
      "kungorelseid": "K965172/25",
      "kungorelsetyp": "Aktiebolagsregistret",
      "namn": "Advokat Lindström AB",
      "personOrgnummer": "",
      "publiceringsdatum": "2025-12-18",
      "uppgiftslamnare": "Bolagsverket"
    },
    {
      "kungorelseid": "K964898/25",
      "kungorelsetyp": "Aktiebolagsregistret",
      "namn": "SinoNordic Link AB",
      "personOrgnummer": "",
      "publiceringsdatum": "2025-12-18",
      "uppgiftslamnare": "Bolagsverket"
    },
    {
      "kungorelseid": "K964906/25",
      "kungorelsetyp": "Aktiebolagsregistret",
      "namn": "B-man Consulting AB",
      "personOrgnummer": "",
      "publiceringsdatum": "2025-12-18",
      "uppgiftslamnare": "Bolagsverket"
    },
    {
      "kungorelseid": "K965175/25",
      "kungorelsetyp": "Aktiebolagsregistret",
      "namn": "Heléns Djurtransporter AB",
      "personOrgnummer": "",
      "publiceringsdatum": "2025-12-18",
      "uppgiftslamnare": "Bolagsverket"
    },
    {
      "kungorelseid": "K965185/25",
      "kungorelsetyp": "Aktiebolagsregistret",
      "namn": "Advokat Mats P Olsson AB",
      "personOrgnummer": "",
      "publiceringsdatum": "2025-12-18",
      "uppgiftslamnare": "Bolagsverket"
    },
    {
      "kungorelseid": "K964291/25",
      "kungorelsetyp": "Aktiebolagsregistret",
      "namn": "Pelosio Maskin AB",
      "personOrgnummer": "",
      "publiceringsdatum": "2025-12-18",
      "uppgiftslamnare": "Bolagsverket"
    },
    {
      "kungorelseid": "K964911/25",
      "kungorelsetyp": "Aktiebolagsregistret",
      "namn": "Flammarion AB",
      "personOrgnummer": "",
      "publiceringsdatum": "2025-12-18",
      "uppgiftslamnare": "Bolagsverket"
    },
    {
      "kungorelseid": "K965068/25",
      "kungorelsetyp": "Aktiebolagsregistret",
      "namn": "3DxCell AB",
      "personOrgnummer": "",
      "publiceringsdatum": "2025-12-18",
      "uppgiftslamnare": "Bolagsverket"
    },
    {
      "kungorelseid": "K965073/25",
      "kungorelsetyp": "Aktiebolagsregistret",
      "namn": "JAI Group AB",
      "personOrgnummer": "",
      "publiceringsdatum": "2025-12-18",
      "uppgiftslamnare": "Bolagsverket"
    },
    {
      "kungorelseid": "K965187/25",
      "kungorelsetyp": "Aktiebolagsregistret",
      "namn": "Kim fastigheter AB",
      "personOrgnummer": "",
      "publiceringsdatum": "2025-12-18",
      "uppgiftslamnare": "Bolagsverket"
    },
    {
      "kungorelseid": "K965189/25",
      "kungorelsetyp": "Aktiebolagsregistret",
      "namn": "TUTTO TUTTO AB",
      "personOrgnummer": "",
      "publiceringsdatum": "2025-12-18",
      "uppgiftslamnare": "Bolagsverket"
    },
    {
      "kungorelseid": "K965453/25",
      "kungorelsetyp": "Aktiebolagsregistret",
      "namn": "AB Gnosjö Plåtförädling Invest 1",
      "personOrgnummer": "",
      "publiceringsdatum": "2025-12-18",
      "uppgiftslamnare": "Bolagsverket"
    },
    {
      "kungorelseid": "K964302/25",
      "kungorelsetyp": "Aktiebolagsregistret",
      "namn": "Cali group AB",
      "personOrgnummer": "",
      "publiceringsdatum": "2025-12-18",
      "uppgiftslamnare": "Bolagsverket"
    },
    {
      "kungorelseid": "K964938/25",
      "kungorelsetyp": "Aktiebolagsregistret",
      "namn": "Lucas Carlsén AB",
      "personOrgnummer": "",
      "publiceringsdatum": "2025-12-18",
      "uppgiftslamnare": "Bolagsverket"
    },
    {
      "kungorelseid": "K965076/25",
      "kungorelsetyp": "Aktiebolagsregistret",
      "namn": "Mikronix Solutions AB",
      "personOrgnummer": "",
      "publiceringsdatum": "2025-12-18",
      "uppgiftslamnare": "Bolagsverket"
    },
    {
      "kungorelseid": "K965191/25",
      "kungorelsetyp": "Aktiebolagsregistret",
      "namn": "Cillca Invest AB",
      "personOrgnummer": "",
      "publiceringsdatum": "2025-12-18",
      "uppgiftslamnare": "Bolagsverket"
    },
    {
      "kungorelseid": "K965194/25",
      "kungorelsetyp": "Aktiebolagsregistret",
      "namn": "A.K Consulting AB",
      "personOrgnummer": "",
      "publiceringsdatum": "2025-12-18",
      "uppgiftslamnare": "Bolagsverket"
    },
    {
      "kungorelseid": "K965461/25",
      "kungorelsetyp": "Aktiebolagsregistret",
      "namn": "Storyline Equipment Sweden AB",
      "personOrgnummer": "",
      "publiceringsdatum": "2025-12-18",
      "uppgiftslamnare": "Bolagsverket"
    },
    {
      "kungorelseid": "K964945/25",
      "kungorelsetyp": "Aktiebolagsregistret",
      "namn": "Mind Grind AB",
      "personOrgnummer": "",
      "publiceringsdatum": "2025-12-18",
      "uppgiftslamnare": "Bolagsverket"
    },
    {
      "kungorelseid": "K965081/25",
      "kungorelsetyp": "Aktiebolagsregistret",
      "namn": "Björkö Schakt & Entreprenad AB",
      "personOrgnummer": "",
      "publiceringsdatum": "2025-12-18",
      "uppgiftslamnare": "Bolagsverket"
    },
    {
      "kungorelseid": "K965196/25",
      "kungorelsetyp": "Aktiebolagsregistret",
      "namn": "Moara Studio AB",
      "personOrgnummer": "",
      "publiceringsdatum": "2025-12-18",
      "uppgiftslamnare": "Bolagsverket"
    },
    {
      "kungorelseid": "K965199/25",
      "kungorelsetyp": "Aktiebolagsregistret",
      "namn": "ESN Lantbruk AB",
      "personOrgnummer": "",
      "publiceringsdatum": "2025-12-18",
      "uppgiftslamnare": "Bolagsverket"
    },
    {
      "kungorelseid": "K964698/25",
      "kungorelsetyp": "Aktiebolagsregistret",
      "namn": "Jarla Creative Works AB",
      "personOrgnummer": "",
      "publiceringsdatum": "2025-12-18",
      "uppgiftslamnare": "Bolagsverket"
    },
    {
      "kungorelseid": "K964951/25",
      "kungorelsetyp": "Aktiebolagsregistret",
      "namn": "Karte & Lind Consulting AB",
      "personOrgnummer": "",
      "publiceringsdatum": "2025-12-18",
      "uppgiftslamnare": "Bolagsverket"
    },
    {
      "kungorelseid": "K965084/25",
      "kungorelsetyp": "Aktiebolagsregistret",
      "namn": "Fräsen fastighets AB",
      "personOrgnummer": "",
      "publiceringsdatum": "2025-12-18",
      "uppgiftslamnare": "Bolagsverket"
    },
    {
      "kungorelseid": "K965087/25",
      "kungorelsetyp": "Aktiebolagsregistret",
      "namn": "Axiome Lab AB",
      "personOrgnummer": "",
      "publiceringsdatum": "2025-12-18",
      "uppgiftslamnare": "Bolagsverket"
    },
    {
      "kungorelseid": "K965201/25",
      "kungorelsetyp": "Aktiebolagsregistret",
      "namn": "Tiemann Consulting AB",
      "personOrgnummer": "",
      "publiceringsdatum": "2025-12-18",
      "uppgiftslamnare": "Bolagsverket"
    },
    {
      "kungorelseid": "K965089/25",
      "kungorelsetyp": "Aktiebolagsregistret",
      "namn": "n9e konsult Aktiebolag",
      "personOrgnummer": "",
      "publiceringsdatum": "2025-12-18",
      "uppgiftslamnare": "Bolagsverket"
    },
    {
      "kungorelseid": "K965206/25",
      "kungorelsetyp": "Aktiebolagsregistret",
      "namn": "Echorai AB",
      "personOrgnummer": "",
      "publiceringsdatum": "2025-12-18",
      "uppgiftslamnare": "Bolagsverket"
    },
    {
      "kungorelseid": "K965208/25",
      "kungorelsetyp": "Aktiebolagsregistret",
      "namn": "Rozerin & Sara AB",
      "personOrgnummer": "",
      "publiceringsdatum": "2025-12-18",
      "uppgiftslamnare": "Bolagsverket"
    },
    {
      "kungorelseid": "K964992/25",
      "kungorelsetyp": "Aktiebolagsregistret",
      "namn": "Malina Fastigheter AB",
      "personOrgnummer": "",
      "publiceringsdatum": "2025-12-18",
      "uppgiftslamnare": "Bolagsverket"
    },
    {
      "kungorelseid": "K965094/25",
      "kungorelsetyp": "Aktiebolagsregistret",
      "namn": "Bauhn Gastronomi AB",
      "personOrgnummer": "",
      "publiceringsdatum": "2025-12-18",
      "uppgiftslamnare": "Bolagsverket"
    },
    {
      "kungorelseid": "K965098/25",
      "kungorelsetyp": "Aktiebolagsregistret",
      "namn": "AIFF Bokföring AB",
      "personOrgnummer": "",
      "publiceringsdatum": "2025-12-18",
      "uppgiftslamnare": "Bolagsverket"
    },
    {
      "kungorelseid": "K965211/25",
      "kungorelsetyp": "Aktiebolagsregistret",
      "namn": "Hassan Enterprise AB",
      "personOrgnummer": "",
      "publiceringsdatum": "2025-12-18",
      "uppgiftslamnare": "Bolagsverket"
    },
    {
      "kungorelseid": "K965214/25",
      "kungorelsetyp": "Aktiebolagsregistret",
      "namn": "Skåne el & bygg AB",
      "personOrgnummer": "",
      "publiceringsdatum": "2025-12-18",
      "uppgiftslamnare": "Bolagsverket"
    }
  ],
  "meta": {
    "contains_target_keys": false,
    "host": null,
    "item_count": 149,
    "path": "/poit/rest/SokKungorelse",
    "query": {
      "amnesomradeId": "2",
      "kungorelsetypId": "4",
      "tidsperiod": "ANNAN_PERIOD",
      "tidsperiodFrom": "2025-12-18",
      "tidsperiodTom": "2025-12-18",
      "underRubrikId": "6"
    },
    "timestamp": "20251218_144517",
    "url": "/poit/rest/SokKungorelse?sokord=&kungorelseid=&kungorelseObjektPersonOrgnummer=&kungorelseObjektNamn=&tidsperiod=ANNAN_PERIOD&tidsperiodFrom=2025-12-18&tidsperiodTom=2025-12-18&amnesomradeId=2&kungorelsetypId=4&underRubrikId=6"
  }
}